age,generation,gender,race_ethnicity_primary,is_player,is_parent,children_play_games,motivation_relax_or_pass_time,motivation_have_fun,motivation_keep_mind_sharp,plays_mobile,plays_console,plays_pc,plays_vr,plays_puzzle,plays_action,plays_arcade_other,plays_shooter,plays_skill_chance,plays_online_ever,plays_with_others_ever,plays_with_others_weekly,play_with_friends,play_with_online_only_friends,play_with_siblings,play_with_other_family,play_with_spouse_partner,play_with_children,play_with_parents,agree_games_introduce_new_friends_binary,met_people_only_through_games,games_help_stay_connected,met_close_friend_spouse_partner,has_communicated_online,comm_used_platform_text,comm_used_platform_voice,comm_used_discord,comm_used_video_audio,comm_pref_platform_text,comm_pref_platform_voice,comm_pref_discord,comm_pref_video_audio,comm_reason_improve_gameplay,comm_reason_get_info,comm_reason_be_part_of_community,comm_reason_learn_new_skills,comm_reason_find_new_games,parent_plays_with_children,parent_play_reason_fun_for_all,parent_play_reason_socialize,parent_play_reason_family_time,parent_play_reason_child_requests,parent_play_reason_parent_enjoys,parent_play_reason_monitor_content,prefer_child_games_over_social_media,believe_games_more_benefits_than_social_media,esrb_aware,esrb_regular_use,bought_in_game_content_for_child,child_purchases_need_approval,parent_uses_parental_controls,pc_set_time_limits,pc_manage_spending,pc_block_by_age,pc_activity_reports,pc_restrict_communication,has_disability,disability_physical,disability_visual,disability_cognitive,disability_auditory,disability_other,accessibility_very_important,thinks_games_very_accessible,acc_importance_adjustable_text_size,acc_importance_adjustable_difficulty,acc_importance_camera_comfort,acc_importance_subtitles,acc_importance_speech_text,acc_importance_visual_enhancements,acc_importance_control_sound_type,acc_importance_keyboard_mouse_only,att_joy_likert,att_mental_stimulation_likert,att_stress_relief_likert,att_accessibility_likert,att_cognitive_skills_likert,att_bring_people_together_likert,att_introduce_new_friends_likert,att_educational_likert,att_great_way_free_time_likert,att_creative_skills_likert,att_feeling_of_community_likert,teach_problem_solving_likert,teach_teamwork_likert,teach_adaptability_likert,teach_steam_likert,teach_communication_likert,teach_inclusive_attitudes_likert,teach_conflict_resolution_likert,teach_leadership_likert,plays_sport_irl,plays_video_sport_version,belief_video_sport_improves_performance,discover_song_from_game,discover_show_from_game,discover_game_from_show
34.0,3,2,5,1,1,1,1.0,1.0,1,1.0,1.0,1.0,0.0,1,1,1,0,0,1,0,0,0,0,0,0,0,0,0,0,0,1,0,0,0,0,0,0,0,0,0,0,0,0,0,0,0,1,1,1,0,1,0,1,0,1,1,1,1,1,1,0,0,0,1,1,1,0,0,0,0,0,1,1,0,0,0,0,1,1,0,0,5,5,5,5,4,4,5,5,3,2,5,4,3,5,3,4,2,5,5,0,0,1,0,0,1
29.0,3,1,1,1,1,1,1.0,1.0,0,1.0,1.0,0.0,0.0,0,0,0,0,1,1,1,1,0,1,0,0,0,1,1,1,1,1,0,0,0,0,0,0,0,0,0,0,0,0,0,0,0,1,1,1,1,0,0,0,1,1,0,1,0,0,0,0,0,0,0,0,0,0,0,0,0,0,0,0,0,0,0,0,0,0,0,0,5,5,5,3,4,5,1,4,2,2,4,5,5,5,5,5,1,2,3,0,0,0,1,1,0
40.0,3,0,5,0,1,1,0.0,0.0,0,0.0,0.0,0.0,0.0,0,0,0,0,0,0,0,0,0,0,0,0,0,0,0,1,0,0,0,0,0,0,0,0,0,0,0,0,0,0,0,0,0,0,0,0,0,0,0,0,0,1,1,1,1,0,1,1,0,1,1,0,0,0,0,0,0,0,0,0,0,0,0,0,0,0,0,0,5,5,2,5,2,4,5,5,4,2,5,4,1,3,5,1,5,4,4,1,0,0,0,0,0
57.0,1,0,4,1,1,1,1.0,1.0,1,1.0,0.0,1.0,0.0,1,0,1,0,0,1,0,0,0,0,0,0,0,0,0,1,1,1,0,0,0,0,0,0,0,0,0,0,0,0,0,0,0,1,1,0,1,0,0,1,1,1,1,1,1,1,1,1,0,0,0,0,1,0,0,0,0,0,0,1,0,0,0,0,0,0,0,0,3,4,4,5,4,1,4,3,5,2,2,4,5,4,1,3,4,4,3,0,0,1,0,0,0
36.0,3,,5,1,1,1,1.0,0.0,0,1.0,1.0,0.0,0.0,0,1,1,0,0,0,1,0,1,0,0,0,0,0,0,0,1,1,1,0,0,0,0,0,0,0,0,0,0,0,0,0,0,1,1,0,0,0,1,0,0,1,1,1,1,1,1,0,1,0,1,0,0,0,0,0,0,0,0,0,0,0,0,0,0,0,0,0,5,3,4,5,2,5,2,2,1,1,4,4,4,4,4,4,4,1,3,0,0,1,1,0,0
63.0,0,0,,1,1,1,1.0,1.0,1,1.0,1.0,0.0,,1,0,1,0,1,1,1,0,0,1,0,0,0,0,1,1,0,1,1,0,0,0,0,0,0,0,0,0,0,0,0,0,0,1,0,1,1,0,0,0,0,1,1,1,1,1,1,1,1,1,0,1,1,0,0,1,0,0,1,0,1,1,0,1,0,0,0,0,4,4,5,4,2,4,5,5,1,1,1,5,2,4,2,1,5,5,5,1,1,0,0,0,0
73.0,0,0,5,0,1,0,0.0,0.0,0,0.0,0.0,0.0,,0,0,0,0,0,0,0,0,0,0,0,0,0,0,0,1,0,0,0,0,0,0,0,0,0,0,0,0,0,0,0,0,0,0,0,0,0,0,0,0,0,1,0,0,0,0,0,0,0,0,0,0,0,0,0,0,0,0,0,0,0,0,0,0,0,0,0,0,4,4,2,3,4,4,1,3,2,1,5,5,5,1,4,4,1,1,5,1,0,0,0,0,0
73.0,0,0,5,0,1,0,0.0,0.0,0,0.0,0.0,0.0,,0,0,0,0,0,0,0,0,0,0,0,0,0,0,0,1,0,0,0,0,0,0,0,0,0,0,0,0,0,0,0,0,0,0,0,0,0,0,0,0,0,1,0,0,0,0,0,0,0,0,0,0,0,0,0,0,0,0,0,0,0,0,0,0,0,0,0,0,4,4,2,3,4,4,1,3,2,1,5,5,5,1,4,4,1,1,5,1,0,0,0,0,0
48.0,1,1,5,1,1,1,0.0,1.0,1,1.0,1.0,0.0,,0,0,0,0,0,1,0,0,0,0,0,0,0,0,0,1,1,1,0,0,0,0,0,0,0,0,0,0,0,0,0,0,0,1,1,0,0,1,0,1,0,1,1,1,0,0,1,1,1,1,0,0,0,0,0,0,0,0,0,0,0,0,0,0,0,0,0,0,5,5,3,5,4,5,4,5,4,1,5,4,4,3,2,3,5,1,1,0,0,1,0,0,0
41.0,3,0,2,1,1,1,1.0,0.0,0,1.0,1.0,0.0,0.0,0,1,0,1,1,1,1,0,1,0,0,0,0,0,1,1,1,1,1,1,0,1,0,0,0,0,1,0,1,1,1,0,0,1,1,1,0,1,1,0,1,1,1,1,1,1,1,1,0,0,1,0,0,0,0,0,0,0,0,0,0,0,0,0,0,0,0,0,4,1,4,5,4,4,5,5,2,2,4,5,4,2,1,5,5,2,5,1,1,1,0,0,0
74.0,0,1,5,1,1,0,1.0,1.0,1,1.0,0.0,0.0,0.0,1,0,0,1,0,1,0,0,0,0,0,0,0,0,0,0,0,0,0,0,0,0,0,0,0,0,0,0,0,0,0,0,0,0,0,0,0,0,0,0,1,1,0,0,0,0,0,0,0,0,0,0,0,0,0,0,0,0,0,0,0,0,0,0,0,0,0,0,3,4,5,4,5,4,4,4,2,5,3,5,5,4,2,3,4,3,3,0,0,1,1,1,0
30.0,3,1,5,0,1,1,0.0,0.0,0,0.0,0.0,0.0,0.0,0,0,0,0,0,0,0,0,0,0,0,0,0,0,0,0,0,0,0,0,0,0,0,0,0,0,0,0,0,0,0,0,0,0,0,0,0,0,0,0,1,1,1,1,0,0,0,0,0,0,0,0,1,1,0,0,0,0,0,1,0,0,0,0,0,0,0,0,4,5,4,2,3,3,3,1,2,1,4,5,5,5,4,4,2,1,3,1,0,0,0,0,0
27.0,2,1,2,1,1,1,0.0,1.0,0,1.0,1.0,0.0,1.0,0,0,1,1,1,1,0,1,0,0,0,0,0,0,0,1,0,1,0,1,0,0,0,0,0,0,1,0,1,1,0,1,0,0,0,0,0,0,0,0,1,1,1,1,1,1,1,0,1,0,1,0,0,0,0,0,0,0,0,0,0,0,0,0,0,0,0,0,5,4,3,4,4,5,3,2,1,2,5,4,4,5,3,5,5,5,3,1,1,1,0,0,0
45.0,1,1,5,1,1,1,1.0,0.0,1,1.0,1.0,1.0,0.0,0,0,1,0,0,1,0,1,0,0,0,0,0,0,0,1,1,0,0,0,0,0,0,0,0,0,0,0,0,0,0,0,0,1,0,0,0,0,0,0,1,1,1,0,0,0,1,1,1,0,1,0,0,0,0,0,0,0,0,0,0,0,0,0,0,0,0,0,5,4,4,2,4,2,4,1,1,2,2,4,2,5,1,4,5,4,2,1,1,1,1,0,0
36.0,3,0,5,1,1,1,0.0,0.0,0,1.0,0.0,0.0,0.0,0,1,1,1,0,0,1,0,1,0,0,1,0,1,0,1,0,1,0,0,0,0,0,0,0,0,0,0,0,0,0,0,0,1,0,0,0,0,0,0,0,0,1,0,1,1,1,1,1,1,0,0,0,0,0,0,0,0,0,0,0,0,0,0,0,0,0,0,5,5,4,2,4,1,4,4,1,1,4,4,1,5,4,1,2,5,1,0,0,1,1,0,1
41.0,3,0,5,1,1,1,,0.0,0,1.0,1.0,1.0,0.0,1,0,0,0,0,1,1,1,0,1,0,0,0,0,0,1,0,1,0,1,0,0,0,0,1,0,0,0,1,1,0,0,0,1,1,1,1,1,1,0,1,1,1,0,0,0,1,1,0,0,1,1,0,0,0,0,0,0,0,0,0,0,0,0,0,0,0,0,4,5,4,3,5,5,4,5,1,5,5,5,4,4,4,4,1,2,4,1,0,1,0,0,1
25.0,2,0,,1,1,0,1.0,0.0,1,1.0,1.0,0.0,,0,1,0,1,0,1,1,0,1,0,0,0,1,0,0,1,0,1,0,1,1,1,0,0,0,1,0,0,0,1,1,0,0,0,0,0,0,0,0,0,1,1,0,0,0,0,0,0,0,0,0,0,0,0,0,0,0,0,0,0,0,0,0,0,0,0,0,0,5,4,5,2,1,5,4,5,1,1,4,4,4,2,5,5,5,1,1,1,0,1,1,0,0
89.0,4,0,5,0,1,1,0.0,0.0,0,0.0,0.0,0.0,,0,0,0,0,0,0,0,0,0,0,0,0,0,0,0,1,0,0,0,0,0,0,0,0,0,0,0,0,0,0,0,0,0,0,0,0,0,0,0,0,1,1,1,0,0,0,1,1,1,0,0,0,0,0,0,0,0,0,0,0,0,0,0,0,0,0,0,0,5,4,5,5,2,5,5,4,2,2,5,4,5,5,2,5,1,5,3,0,0,0,0,0,0
32.0,3,1,5,0,1,1,0.0,0.0,0,0.0,0.0,0.0,0.0,0,0,0,0,0,0,0,0,0,0,0,0,0,0,0,1,0,0,0,0,0,0,0,0,0,0,0,0,0,0,0,0,0,0,0,0,0,0,0,0,0,1,1,1,1,1,1,1,1,0,1,1,0,0,0,0,0,0,0,0,0,0,0,0,0,0,0,0,5,1,5,4,4,4,4,2,1,2,4,2,5,3,4,1,4,1,2,0,0,0,0,0,0
78.0,0,0,5,1,1,1,1.0,0.0,1,1.0,0.0,0.0,0.0,1,0,1,1,0,1,1,0,0,0,0,0,0,1,1,0,0,1,0,0,0,0,0,0,0,0,0,0,0,0,0,0,0,0,0,0,0,0,0,0,1,1,1,1,1,1,1,1,1,1,0,1,1,0,1,0,0,0,1,0,0,1,0,0,1,0,0,0,4,4,4,4,4,4,4,1,2,2,2,4,5,4,5,4,5,2,5,0,0,1,0,0,0
32.0,3,1,0,1,1,0,1.0,1.0,1,1.0,1.0,0.0,0.0,1,0,1,0,0,1,1,0,1,0,1,0,0,0,0,1,0,1,0,0,0,0,0,0,0,0,0,0,0,0,0,0,0,0,0,0,0,0,0,0,1,1,0,0,0,0,0,0,0,0,0,0,0,0,0,0,0,0,0,0,0,0,0,0,0,0,0,0,3,4,5,4,3,4,5,4,2,2,2,4,3,5,4,3,4,3,5,0,0,1,0,0,0
,0,1,1,0,1,0,0.0,0.0,0,0.0,0.0,0.0,0.0,0,0,0,0,0,0,0,0,0,0,0,0,0,0,0,1,0,0,0,0,0,0,0,0,0,0,0,0,0,0,0,0,0,0,0,0,0,0,0,0,1,1,0,0,0,0,0,0,0,0,0,0,0,0,0,0,0,0,0,0,0,0,0,0,0,0,0,0,4,4,4,3,4,5,1,1,2,1,4,4,4,1,5,1,3,4,1,1,0,0,0,0,0
65.0,0,0,5,0,1,0,0.0,0.0,0,0.0,0.0,0.0,0.0,0,0,0,0,0,0,0,0,0,0,0,0,0,0,0,1,0,0,0,0,0,0,0,0,0,0,0,0,0,0,0,0,0,0,0,0,0,0,0,0,1,0,0,0,0,0,0,0,0,0,0,0,0,0,0,0,0,0,0,0,0,0,0,0,0,0,0,0,3,4,5,5,4,2,5,5,1,2,2,3,5,5,2,1,2,5,2,0,0,0,0,0,0
,0,0,,1,1,0,1.0,0.0,1,1.0,0.0,0.0,0.0,1,1,0,0,1,1,1,1,1,0,0,0,0,0,0,1,0,0,0,1,1,0,0,0,1,0,0,0,1,1,0,0,0,0,0,0,0,0,0,0,1,1,0,0,0,0,0,0,0,0,0,0,1,1,0,0,0,0,0,1,0,0,0,0,0,0,0,0,1,4,3,5,5,4,4,5,1,2,2,5,5,4,4,5,1,3,4,1,1,0,0,0,0
43.0,3,,1,1,1,1,0.0,1.0,0,1.0,1.0,0.0,0.0,1,0,1,0,0,1,1,0,1,1,0,0,0,1,0,0,0,0,0,0,0,0,0,0,0,0,0,0,0,0,0,0,0,1,1,1,1,0,1,0,1,1,1,1,1,1,1,1,1,1,0,0,0,0,0,0,0,0,0,0,0,0,0,0,0,0,0,0,5,1,5,5,5,3,5,2,2,1,2,5,5,4,5,3,3,2,4,0,0,1,0,0,0
69.0,0,1,2,1,1,1,1.0,1.0,1,1.0,0.0,0.0,0.0,1,0,0,0,1,1,1,0,0,0,1,0,0,0,1,1,1,0,1,1,0,0,1,0,0,0,0,1,1,1,0,0,0,1,1,0,1,0,0,0,0,0,0,1,0,0,1,1,0,1,1,0,0,0,0,0,0,0,0,0,0,0,0,0,0,0,0,0,4,4,5,4,4,4,2,4,1,2,4,4,5,2,2,5,3,4,3,1,1,1,1,0,1
43.0,3,1,5,1,1,1,1.0,1.0,1,1.0,0.0,0.0,0.0,1,0,1,0,0,1,0,1,0,0,0,0,0,0,0,1,1,0,0,0,0,0,0,0,0,0,0,0,0,0,0,0,0,0,0,0,0,0,0,0,1,0,1,1,0,0,1,1,0,1,0,0,0,0,0,0,0,0,0,0,0,0,0,0,0,0,0,0,4,2,2,4,2,4,5,3,2,1,4,1,4,3,4,1,4,1,5,0,0,1,1,0,0
34.0,3,0,5,1,1,1,0.0,1.0,0,1.0,1.0,1.0,0.0,1,0,1,1,0,1,1,1,1,0,0,0,0,0,0,1,1,0,0,1,1,0,0,0,1,0,0,0,1,0,0,0,1,1,0,0,0,0,0,1,1,0,1,0,0,0,1,1,0,1,1,1,1,1,1,0,0,0,1,1,0,1,1,0,0,0,0,0,5,2,4,2,3,2,4,4,3,5,5,1,4,5,4,5,2,3,5,1,1,1,0,0,0
43.0,3,0,2,1,1,1,1.0,1.0,0,1.0,0.0,1.0,0.0,0,1,0,1,0,1,0,0,0,0,0,0,0,0,0,1,0,0,0,1,1,1,0,0,0,1,0,0,1,1,0,0,0,1,1,0,1,0,0,0,1,1,1,1,1,1,1,1,0,0,0,0,1,1,0,0,0,0,1,0,0,0,1,1,1,0,0,0,5,3,5,4,5,1,1,5,3,1,5,5,3,4,5,4,3,5,5,0,0,1,0,0,0
73.0,0,0,5,1,1,1,0.0,1.0,1,1.0,0.0,0.0,0.0,1,0,0,0,0,1,1,1,1,1,1,0,1,0,0,1,0,1,0,0,0,0,0,0,0,0,0,0,0,0,0,0,0,1,0,1,1,0,0,1,1,0,1,1,1,1,1,1,1,1,0,1,0,0,0,0,0,0,0,0,0,0,0,0,0,0,0,0,4,2,5,4,5,1,5,2,2,1,4,1,4,1,3,5,2,4,5,0,0,1,0,0,1
42.0,3,1,2,1,1,0,1.0,0.0,0,1.0,1.0,0.0,0.0,1,0,0,0,0,0,0,0,0,0,0,0,0,0,0,1,0,0,0,0,0,0,0,0,0,0,0,0,0,0,0,0,0,0,0,0,0,0,0,0,0,0,0,0,0,0,0,0,0,0,0,0,0,0,0,0,0,0,0,0,0,0,0,0,0,0,0,0,4,2,5,4,5,4,4,1,1,2,4,5,5,5,4,5,2,3,2,1,0,1,0,0,0
28.0,2,0,2,0,1,0,0.0,0.0,0,0.0,0.0,0.0,,0,0,0,0,0,0,0,0,0,0,0,0,0,0,0,1,0,0,0,0,0,0,0,0,0,0,0,0,0,0,0,0,0,0,0,0,0,0,0,0,1,1,0,0,0,0,0,0,0,0,0,0,0,0,0,0,0,0,0,0,0,0,0,0,0,0,0,0,4,5,4,4,3,5,2,5,1,1,1,4,3,3,4,3,5,1,3,1,0,0,0,0,0
79.0,0,0,5,1,1,1,1.0,,0,1.0,0.0,0.0,0.0,0,0,0,0,0,1,0,1,0,0,0,0,0,0,0,1,1,1,0,1,1,0,0,0,0,1,0,0,1,0,0,0,1,1,0,1,1,1,1,1,0,1,1,1,0,0,1,1,1,0,1,1,0,0,0,0,0,0,0,0,0,0,0,0,0,0,0,0,4,5,5,5,2,2,5,5,1,2,3,2,4,1,3,4,4,5,4,0,0,1,0,1,1
61.0,0,,5,1,1,1,0.0,0.0,1,1.0,0.0,1.0,0.0,1,0,1,0,0,0,1,1,1,0,1,1,0,0,0,1,1,0,0,0,0,0,0,0,0,0,0,0,0,0,0,0,0,0,0,0,0,0,0,0,1,1,0,0,0,0,1,1,0,0,0,0,0,0,0,0,0,0,0,0,0,0,0,0,0,0,0,0,4,4,5,4,4,4,4,5,4,2,4,1,4,5,4,1,3,5,2,1,0,1,0,1,0
23.0,2,0,5,0,1,1,0.0,0.0,0,,0.0,0.0,0.0,0,0,0,0,0,0,0,0,0,0,0,0,0,0,0,0,0,0,0,0,0,0,0,0,0,0,0,0,0,0,0,0,0,0,0,0,0,0,0,0,0,1,1,1,0,0,1,0,0,0,1,1,0,0,0,0,0,0,0,0,0,0,0,0,0,0,0,0,4,4,4,4,4,4,1,4,2,2,3,4,1,5,1,5,4,1,4,0,0,0,0,0,0
68.0,0,1,5,1,1,1,1.0,0.0,1,1.0,1.0,1.0,0.0,1,1,0,0,1,1,1,1,1,0,1,1,0,0,1,1,1,1,1,1,0,1,0,1,0,1,0,0,1,1,0,0,0,1,1,1,0,1,1,0,1,1,1,1,1,1,1,1,1,1,0,0,0,0,0,0,0,0,0,0,0,0,0,0,0,0,0,0,4,2,4,4,4,5,1,4,1,1,3,2,4,2,4,5,1,3,1,0,0,1,0,0,1
40.0,3,1,5,0,1,1,0.0,0.0,0,0.0,0.0,0.0,0.0,0,0,0,0,0,0,0,0,0,0,0,0,0,0,0,0,0,0,0,0,0,0,0,0,0,0,0,0,0,0,0,0,0,0,0,0,0,0,0,0,1,1,1,0,1,1,1,0,1,1,0,1,0,0,0,0,0,0,0,0,0,0,0,0,0,0,0,0,4,4,5,5,5,4,5,1,2,4,3,5,1,2,5,4,4,4,2,0,0,0,0,0,0
34.0,3,1,5,1,1,1,1.0,1.0,0,1.0,0.0,0.0,0.0,1,1,0,1,1,1,0,1,0,0,0,0,0,0,0,0,1,0,1,1,1,0,0,0,0,1,0,0,0,1,0,1,0,0,0,0,0,0,0,0,0,1,1,1,1,1,1,1,1,1,0,0,1,0,1,0,0,0,1,0,1,1,0,1,1,1,0,0,5,4,1,3,5,5,5,5,1,2,4,2,5,5,1,4,3,3,1,0,0,1,0,0,0
84.0,4,1,5,1,1,0,1.0,1.0,1,1.0,1.0,0.0,0.0,1,0,1,0,1,1,1,1,0,0,0,0,1,0,0,1,0,0,0,1,1,1,1,0,0,1,0,0,1,1,1,1,1,0,0,0,0,0,0,0,0,0,0,0,0,0,0,0,0,0,0,0,0,0,0,0,0,0,0,0,0,0,0,0,0,0,0,0,5,3,4,5,1,4,1,4,2,1,5,5,3,4,4,4,2,3,3,0,0,0,1,0,0
55.0,1,1,5,1,1,1,1.0,,0,0.0,1.0,0.0,0.0,1,0,0,1,0,0,1,0,0,0,1,0,0,0,0,1,1,0,0,0,0,0,0,0,0,0,0,0,0,0,0,0,0,1,1,1,1,0,0,1,1,0,1,1,1,1,1,1,1,0,1,1,0,0,0,0,0,0,0,0,0,0,0,0,0,0,0,0,5,5,4,5,4,4,1,4,5,2,5,5,4,4,4,4,1,5,4,0,0,1,0,0,0
33.0,3,0,5,1,1,1,1.0,1.0,0,1.0,1.0,1.0,1.0,1,1,1,1,0,1,1,0,0,0,0,1,0,1,0,1,0,0,1,1,1,1,1,0,0,0,1,0,1,1,1,0,1,1,0,1,0,0,1,0,1,1,1,1,1,1,0,0,0,0,0,0,0,0,0,0,0,0,0,0,0,0,0,0,0,0,0,0,5,4,4,5,5,5,3,3,1,2,5,5,4,5,3,4,2,4,5,0,0,1,0,0,0
53.0,1,0,3,1,1,0,,1.0,1,1.0,1.0,1.0,0.0,0,0,1,0,0,1,1,0,1,0,1,1,0,1,0,1,1,0,0,0,0,0,0,0,0,0,0,0,0,0,0,0,0,0,0,0,0,0,0,0,1,1,0,0,0,0,0,0,0,0,0,0,1,0,0,0,0,0,1,0,1,1,1,1,0,0,0,0,5,5,3,3,4,5,1,5,1,4,4,4,1,2,4,5,3,2,1,1,1,1,0,0,0
78.0,0,1,5,0,1,1,0.0,0.0,0,0.0,0.0,0.0,0.0,0,0,0,0,0,0,0,0,0,0,0,0,0,0,0,0,0,0,0,0,0,0,0,0,0,0,0,0,0,0,0,0,0,0,0,0,0,0,0,0,1,1,1,1,1,1,1,1,1,1,1,1,1,0,0,0,0,0,0,1,0,0,0,0,0,0,0,0,4,4,4,4,4,4,1,2,2,3,5,5,5,5,4,1,3,5,3,0,0,0,0,0,0
73.0,0,1,5,1,1,1,1.0,0.0,1,1.0,0.0,1.0,1.0,0,0,0,0,1,1,1,0,1,1,1,0,1,0,0,1,1,0,1,1,1,1,1,0,1,0,0,0,0,0,0,1,1,0,0,0,0,0,0,0,1,1,1,1,0,0,1,1,1,1,1,0,0,0,0,0,0,0,0,0,0,0,0,0,0,0,0,0,5,5,3,5,5,4,5,4,3,1,4,3,5,4,3,5,4,1,3,0,0,1,1,0,0
29.0,3,1,5,1,1,1,1.0,0.0,1,1.0,1.0,,0.0,0,1,0,1,0,1,1,0,1,0,1,0,0,0,0,0,0,1,0,0,0,0,0,0,0,0,0,0,0,0,0,0,0,1,0,1,1,0,0,0,0,1,1,0,0,0,0,0,0,0,0,0,0,0,0,0,0,0,0,0,0,0,0,0,0,0,0,0,2,1,4,4,5,3,4,5,1,2,3,4,1,5,4,5,5,3,5,0,0,1,0,0,0
26.0,2,,5,1,1,1,0.0,,0,0.0,0.0,1.0,0.0,1,1,0,1,0,1,0,0,0,0,0,0,0,0,0,1,0,1,1,1,0,1,0,0,0,0,0,1,0,0,0,0,1,1,1,0,0,0,0,0,1,1,1,1,0,0,1,1,0,0,0,0,0,0,0,0,0,0,0,0,0,0,0,0,0,0,0,0,5,2,4,4,4,4,4,5,2,1,4,4,5,5,1,3,2,1,4,0,0,1,1,0,0
28.0,2,1,5,0,1,1,0.0,0.0,0,0.0,0.0,0.0,0.0,0,0,0,0,0,0,0,0,0,0,0,0,0,0,0,0,0,0,0,0,0,0,0,0,0,0,0,0,0,0,0,0,0,0,0,0,0,0,0,0,0,1,1,0,1,1,0,0,0,0,0,0,0,0,0,0,0,0,0,0,0,0,0,0,0,0,0,0,5,5,4,2,4,4,5,2,2,2,4,5,5,3,2,3,1,4,3,1,0,0,0,0,0
21.0,2,0,5,0,1,0,0.0,0.0,0,0.0,0.0,0.0,0.0,0,0,0,0,0,0,0,0,0,0,0,0,0,0,0,1,0,0,0,0,0,0,0,0,0,0,0,0,0,0,0,0,0,0,0,0,0,0,0,0,1,1,0,0,0,0,0,0,0,0,0,0,1,0,0,0,0,0,0,0,0,0,0,0,0,0,0,0,5,3,1,4,5,4,1,4,4,2,1,4,5,4,3,4,1,5,3,0,0,0,0,0,0
49.0,1,1,5,0,1,0,0.0,0.0,0,0.0,0.0,0.0,0.0,0,0,0,0,0,0,0,0,0,0,0,0,0,0,0,0,0,0,0,0,0,0,0,0,0,0,0,0,0,0,0,0,0,0,0,0,0,0,0,0,1,0,0,0,0,0,0,0,0,0,0,0,1,1,0,0,0,0,0,0,0,0,0,0,0,0,0,0,5,2,4,5,5,4,4,4,2,3,1,5,1,4,2,5,4,2,4,0,0,0,0,0,0
59.0,1,1,2,1,1,0,0.0,0.0,0,0.0,0.0,,0.0,0,1,0,0,0,1,1,1,1,1,0,0,0,0,0,1,0,1,0,1,1,1,0,0,0,1,0,0,1,1,1,0,1,0,0,0,0,0,0,0,1,0,0,0,0,0,0,0,0,0,0,0,1,1,0,0,0,0,0,0,0,0,0,0,0,0,0,0,5,2,4,5,5,5,4,4,1,4,1,5,4,1,2,2,5,3,4,0,0,1,1,0,0
33.0,3,1,5,1,1,1,0.0,0.0,0,0.0,1.0,0.0,0.0,0,0,1,1,0,1,1,1,1,0,1,0,0,0,0,1,1,1,0,1,1,0,0,0,0,0,0,1,0,0,0,0,1,1,0,0,0,0,1,0,1,1,1,0,1,1,0,0,0,0,0,0,0,0,0,0,0,0,0,0,0,0,0,0,0,0,0,0,2,4,4,4,5,5,4,4,2,4,5,2,1,1,2,2,3,3,5,1,0,1,0,0,1
45.0,1,,5,1,1,1,1.0,1.0,0,1.0,1.0,1.0,0.0,1,0,1,0,1,1,1,1,0,0,0,0,1,0,0,1,1,0,0,1,1,0,1,0,0,0,0,1,1,0,0,0,1,1,1,1,1,0,0,0,0,1,0,1,0,0,1,0,1,0,0,0,0,0,0,0,0,0,0,0,0,0,0,0,0,0,0,0,4,5,5,4,4,4,5,3,2,1,5,5,5,3,4,5,4,4,5,0,0,1,1,0,0
58.0,1,1,5,1,1,0,0.0,1.0,0,1.0,1.0,1.0,0.0,1,1,0,0,1,1,0,0,0,0,0,0,0,0,0,1,0,0,1,1,0,1,0,0,0,0,1,0,1,0,0,0,1,0,0,0,0,0,0,0,1,0,0,0,0,0,0,0,0,0,0,0,0,0,0,0,0,0,0,0,0,0,0,0,0,0,0,0,5,5,5,4,4,3,3,5,2,3,5,4,1,2,4,3,3,1,2,0,0,1,0,0,0
33.0,3,1,5,1,1,1,1.0,0.0,1,1.0,,,1.0,1,1,1,1,1,1,1,0,1,0,0,0,0,0,0,1,1,0,0,1,0,0,0,0,0,0,1,0,1,0,0,0,1,1,0,1,1,0,0,0,1,0,0,0,1,1,1,0,1,1,0,1,0,0,0,0,0,0,0,0,0,0,0,0,0,0,0,0,5,4,4,2,5,2,2,2,2,3,4,5,3,4,3,3,3,2,3,0,0,1,0,0,0
66.0,0,1,5,1,1,1,0.0,1.0,1,1.0,0.0,0.0,0.0,0,0,0,1,1,1,1,1,1,0,0,0,0,0,0,1,1,0,0,1,0,0,0,1,1,0,0,0,1,0,1,1,0,1,1,0,1,1,0,1,0,0,1,0,0,0,1,1,1,0,0,1,0,0,0,0,0,0,0,0,0,0,0,0,0,0,0,0,5,5,3,5,4,5,3,3,4,2,5,5,5,4,1,5,5,4,4,0,0,1,1,0,0
85.0,4,1,1,0,1,1,0.0,0.0,0,0.0,0.0,0.0,0.0,0,0,0,0,0,0,0,0,0,0,0,0,0,0,0,1,0,0,0,0,0,0,0,0,0,0,0,0,0,0,0,0,0,0,0,0,0,0,0,0,1,1,1,1,1,1,1,1,1,1,1,0,0,0,0,0,0,0,0,0,0,0,0,0,0,0,0,0,4,5,5,4,4,5,4,4,1,2,4,5,5,3,5,4,5,5,4,1,0,0,0,0,0
69.0,0,0,5,0,1,1,0.0,0.0,0,0.0,,0.0,0.0,0,0,0,0,0,0,0,0,0,0,0,0,0,0,0,0,0,0,0,0,0,0,0,0,0,0,0,0,0,0,0,0,0,0,0,0,0,0,0,0,1,0,1,1,1,0,1,0,0,1,1,1,1,0,0,0,0,0,1,0,0,1,0,0,0,1,0,0,5,1,4,5,5,5,4,3,1,5,5,5,5,4,2,3,4,4,3,1,0,0,0,0,0
28.0,2,1,5,1,1,1,1.0,0.0,0,1.0,0.0,0.0,0.0,0,1,0,1,0,1,0,1,0,0,0,0,0,0,0,1,1,0,1,1,1,1,0,0,0,1,0,0,1,0,1,1,0,0,0,0,0,0,0,0,1,0,1,1,0,0,1,0,1,0,0,0,1,1,0,0,0,0,0,1,0,0,0,0,0,0,0,0,4,5,4,4,5,1,1,5,2,2,2,5,3,4,3,3,3,2,3,1,0,1,0,0,0
39.0,3,0,2,0,1,1,0.0,0.0,0,0.0,0.0,0.0,0.0,0,0,0,0,0,0,0,0,0,0,0,0,0,0,0,0,0,0,0,0,0,0,0,0,0,0,0,0,0,0,0,0,0,0,0,0,0,0,0,0,1,1,1,0,0,0,0,0,0,0,0,0,0,0,0,0,0,0,0,0,0,0,0,0,0,0,0,0,4,5,4,5,5,2,5,5,1,1,3,4,3,5,3,2,5,4,4,0,0,0,0,0,0
,3,1,5,1,1,0,0.0,1.0,0,1.0,1.0,0.0,0.0,0,1,0,0,1,1,1,0,1,0,0,0,0,0,0,0,1,0,1,1,1,0,0,0,1,0,0,0,1,0,1,0,1,0,0,0,0,0,0,0,1,1,0,0,0,0,0,0,0,0,0,0,0,0,0,0,0,0,0,0,0,0,0,0,0,0,0,0,4,5,4,4,4,4,4,5,4,1,5,4,5,5,5,3,3,4,1,0,0,0,1,0,0
57.0,1,0,5,1,1,1,1.0,1.0,1,1.0,0.0,0.0,0.0,1,0,1,0,1,1,1,1,1,0,0,0,1,0,0,1,1,0,0,1,0,0,1,0,0,0,1,0,1,1,0,1,0,1,0,0,1,1,0,1,1,0,1,1,1,1,1,1,0,0,0,0,0,0,0,0,0,0,0,0,0,0,0,0,0,0,0,0,4,4,5,3,5,4,5,4,2,3,4,1,4,5,4,1,3,5,4,0,0,1,0,0,1
31.0,3,0,2,1,1,1,1.0,1.0,1,0.0,1.0,0.0,0.0,0,1,1,1,0,1,1,1,0,0,0,0,0,0,0,1,0,0,1,1,0,1,0,0,0,1,0,0,1,1,1,0,0,1,1,0,1,0,0,1,0,1,1,1,1,1,1,0,0,1,0,1,0,0,0,0,0,0,0,0,0,0,0,0,0,0,0,0,4,4,5,4,5,1,5,5,1,2,4,4,5,5,2,5,4,4,3,0,0,1,0,1,0
65.0,0,1,1,1,1,1,,0.0,1,1.0,0.0,1.0,0.0,1,0,0,0,1,1,0,1,0,0,0,0,0,0,0,1,1,0,1,0,0,0,0,0,0,0,0,0,0,0,0,0,0,1,1,0,0,0,0,1,1,1,1,1,0,0,1,1,1,1,0,1,0,0,0,0,0,0,0,0,0,0,0,0,0,0,0,0,1,5,5,4,4,4,5,4,1,2,5,5,5,2,5,5,5,3,5,0,0,1,0,0,0
28.0,2,0,,1,1,1,1.0,0.0,1,1.0,1.0,1.0,0.0,1,1,1,0,0,1,0,0,0,0,0,0,0,0,0,1,1,1,0,0,0,0,0,0,0,0,0,0,0,0,0,0,0,0,0,0,0,0,0,0,1,0,1,1,0,0,0,0,0,0,0,0,0,0,0,0,0,0,0,0,0,0,0,0,0,0,0,0,5,1,5,4,4,1,5,5,2,2,3,1,1,3,5,3,5,5,2,1,0,1,0,0,0
58.0,1,1,5,1,1,1,1.0,,0,1.0,1.0,0.0,0.0,0,0,1,0,0,1,1,0,1,1,1,1,0,0,1,0,0,0,0,1,1,1,0,0,0,0,0,1,1,1,0,0,0,1,0,1,1,1,0,0,1,0,1,1,0,0,1,1,0,0,1,0,1,0,0,1,0,0,1,1,0,1,1,0,0,0,0,0,4,4,3,4,1,4,1,5,2,2,1,4,3,4,3,5,2,1,1,1,0,1,0,1,0
55.0,1,0,5,1,1,1,1.0,1.0,1,0.0,,1.0,0.0,1,0,1,0,1,1,0,0,0,0,0,0,0,0,0,1,1,0,1,1,1,1,0,0,0,1,0,0,1,0,0,1,0,1,0,0,1,1,0,0,0,1,1,0,1,1,1,1,1,1,0,0,0,0,0,0,0,0,0,0,0,0,0,0,0,0,0,0,3,4,2,4,3,4,3,5,1,4,5,5,4,2,4,3,2,1,5,1,1,1,0,0,0
52.0,1,0,2,0,1,1,0.0,0.0,0,,0.0,0.0,0.0,0,0,0,0,0,0,0,0,0,0,0,0,0,0,0,1,0,0,0,0,0,0,0,0,0,0,0,0,0,0,0,0,0,0,0,0,0,0,0,0,1,1,1,1,0,0,1,0,1,1,0,1,0,0,0,0,0,0,0,0,0,0,0,0,0,0,0,0,4,4,5,5,5,1,4,5,1,2,5,4,1,5,4,5,4,1,4,0,0,0,0,0,0
40.0,3,0,5,1,1,0,0.0,0.0,1,1.0,0.0,,0.0,0,0,1,0,0,1,1,1,1,0,0,1,1,0,0,1,1,1,0,1,0,1,0,0,1,0,0,0,1,1,1,1,0,0,0,0,0,0,0,0,1,0,0,0,0,0,0,0,0,0,0,0,0,0,0,0,0,0,0,0,0,0,0,0,0,0,0,0,5,5,3,5,4,4,1,5,2,1,5,3,4,4,4,4,4,1,1,0,0,1,0,0,0
44.0,3,1,5,1,1,1,1.0,1.0,0,1.0,0.0,0.0,0.0,0,0,1,1,0,1,0,1,0,0,0,0,0,0,0,1,0,0,1,0,0,0,0,0,0,0,0,0,0,0,0,0,0,1,1,1,1,0,0,0,1,0,1,0,0,0,1,0,1,1,0,0,0,0,0,0,0,0,0,0,0,0,0,0,0,0,0,0,4,5,5,5,1,4,2,5,5,1,4,5,4,4,1,5,4,5,4,1,1,1,0,1,1
,3,0,2,1,1,1,0.0,1.0,0,1.0,1.0,0.0,0.0,1,1,0,1,0,1,1,0,1,0,0,0,0,0,0,0,1,1,0,1,1,1,0,0,0,0,1,0,1,1,0,1,1,1,1,0,0,1,0,1,1,1,1,1,1,1,1,0,0,0,0,1,1,1,1,0,1,1,0,1,0,0,0,0,0,0,0,0,5,4,1,5,5,3,4,3,2,5,4,4,3,5,2,1,5,3,4,0,0,1,0,1,0
31.0,3,0,5,1,1,1,0.0,0.0,0,1.0,0.0,0.0,1.0,1,0,1,0,0,1,1,1,0,1,1,0,0,0,0,1,0,1,0,1,1,0,0,0,0,0,0,1,1,1,1,0,1,1,1,0,1,1,1,0,1,1,1,0,1,1,1,1,1,0,0,0,0,0,0,0,0,0,0,0,0,0,0,0,0,0,0,0,4,5,4,4,4,5,5,2,1,2,5,4,5,2,4,5,5,4,2,0,0,0,0,0,0
33.0,3,0,2,0,1,1,0.0,0.0,0,0.0,0.0,0.0,0.0,0,0,0,0,0,0,0,0,0,0,0,0,0,0,0,1,0,0,0,0,0,0,0,0,0,0,0,0,0,0,0,0,0,0,0,0,0,0,0,0,1,0,1,1,0,0,1,0,1,1,1,1,0,0,0,0,0,0,0,0,0,0,0,0,0,0,0,0,4,5,4,5,4,4,4,2,2,1,3,3,5,2,5,5,4,5,4,1,0,0,0,0,0
43.0,3,0,5,1,1,1,1.0,0.0,0,1.0,0.0,0.0,1.0,0,1,0,1,0,1,1,1,1,1,0,0,1,1,0,1,1,0,1,1,1,1,0,0,1,0,0,0,1,0,0,0,0,1,0,0,0,0,1,1,0,0,1,1,0,0,0,0,0,0,0,0,0,0,0,0,0,0,0,0,0,0,0,0,0,0,0,0,5,5,2,4,4,5,3,3,2,1,5,5,5,3,2,4,5,2,2,1,0,1,0,0,0
58.0,1,1,5,0,1,1,0.0,0.0,0,0.0,0.0,0.0,0.0,0,0,0,0,0,0,0,0,0,0,0,0,0,0,0,1,0,0,0,0,0,0,0,0,0,0,0,0,0,0,0,0,0,0,0,0,0,0,0,0,0,1,1,1,1,1,1,0,0,0,0,1,0,0,0,0,0,0,0,0,0,0,0,0,0,0,0,0,4,4,4,5,4,4,3,1,1,4,1,3,4,4,4,3,3,3,4,1,0,0,0,0,0
42.0,3,0,5,1,1,1,,0.0,0,,0.0,,0.0,0,1,0,0,0,1,1,1,1,0,0,0,0,0,0,1,1,0,0,1,0,1,1,0,1,0,0,0,1,1,0,1,0,1,1,0,1,1,0,0,1,0,1,0,0,0,1,0,1,0,1,1,0,0,0,0,0,0,0,0,0,0,0,0,0,0,0,0,5,4,4,4,5,5,2,5,3,1,4,5,5,2,2,2,4,5,3,0,0,1,1,0,0
71.0,0,1,0,1,1,1,1.0,1.0,1,1.0,0.0,1.0,1.0,1,0,0,0,1,1,1,1,1,0,0,1,1,0,0,1,0,0,0,0,0,0,0,0,0,0,0,0,0,0,0,0,0,1,0,0,1,0,0,1,1,1,0,1,1,1,0,0,0,0,0,0,0,0,0,0,0,0,0,0,0,0,0,0,0,0,0,0,5,5,4,4,1,5,3,5,2,2,5,5,5,2,5,4,5,2,1,0,0,1,0,1,1
55.0,1,1,5,0,1,1,0.0,0.0,0,0.0,0.0,0.0,0.0,0,0,0,0,0,0,0,0,0,0,0,0,0,0,0,1,0,0,0,0,0,0,0,0,0,0,0,0,0,0,0,0,0,0,0,0,0,0,0,0,1,1,1,1,1,1,1,0,1,0,0,1,0,0,0,0,0,0,0,0,0,0,0,0,0,0,0,0,5,4,5,4,1,4,2,5,2,2,2,2,4,4,5,5,3,3,3,0,0,0,0,0,0
36.0,3,1,5,1,1,0,0.0,1.0,0,1.0,0.0,0.0,0.0,0,0,1,0,0,1,1,0,1,0,0,1,1,0,0,1,0,0,1,1,0,0,0,0,1,0,0,0,1,0,1,0,0,0,0,0,0,0,0,0,1,1,0,0,0,0,0,0,0,0,0,0,0,0,0,0,0,0,0,0,0,0,0,0,0,0,0,0,4,5,4,2,4,5,5,4,2,2,4,1,3,5,3,5,4,4,2,0,0,1,0,1,1
22.0,2,0,,1,1,1,0.0,1.0,0,1.0,1.0,1.0,0.0,0,0,1,0,0,1,1,0,0,1,0,1,1,1,1,1,0,1,1,1,1,1,0,0,1,0,0,0,1,1,1,1,0,1,0,0,1,1,0,1,1,1,1,1,1,0,1,1,0,0,0,0,0,0,0,0,0,0,0,0,0,0,0,0,0,0,0,0,4,4,5,4,4,4,1,1,2,4,4,4,3,4,5,2,5,2,5,0,0,1,1,0,0
39.0,3,2,5,1,1,1,0.0,0.0,0,1.0,0.0,0.0,0.0,1,0,1,1,1,1,0,1,0,0,0,0,0,0,0,0,0,0,0,1,1,1,1,1,0,1,0,0,1,0,0,0,1,1,0,1,1,0,0,0,1,1,1,1,1,0,1,1,0,0,1,0,0,0,0,0,0,0,0,0,0,0,0,0,0,0,0,0,4,4,4,4,5,3,5,4,1,1,4,5,4,4,2,4,5,4,5,0,0,1,0,0,0
26.0,2,0,5,1,1,0,0.0,,0,1.0,0.0,1.0,0.0,0,0,0,1,0,1,1,0,1,0,0,0,0,0,1,1,1,1,0,1,1,0,0,0,0,1,0,0,0,0,1,1,1,0,0,0,0,0,0,0,1,1,0,0,0,0,0,0,0,0,0,0,1,1,0,0,0,0,1,0,0,0,0,0,0,1,0,0,5,4,5,4,5,5,5,4,3,1,3,5,5,3,4,2,5,3,1,1,1,1,0,1,0
28.0,2,1,5,1,1,1,0.0,1.0,0,0.0,1.0,1.0,0.0,0,0,0,1,0,1,0,1,0,0,0,0,0,0,0,0,1,1,0,0,0,0,0,0,0,0,0,0,0,0,0,0,0,1,0,0,1,0,1,1,1,1,1,1,1,1,1,1,0,0,1,0,1,1,1,0,0,0,0,1,0,0,0,0,0,0,0,0,5,1,3,2,4,4,4,4,2,2,3,4,4,5,5,4,2,5,5,0,0,1,0,0,0
32.0,3,0,5,1,1,0,0.0,0.0,0,0.0,0.0,,0.0,1,0,1,1,1,1,1,1,1,0,1,0,0,0,1,1,1,0,1,1,1,0,0,0,0,0,0,1,1,0,1,1,0,0,0,0,0,0,0,0,1,1,0,0,0,0,0,0,0,0,0,0,0,0,0,0,0,0,0,0,0,0,0,0,0,0,0,0,5,4,4,1,1,4,4,3,2,2,5,4,5,2,5,3,1,3,5,1,0,1,0,0,1
69.0,0,,1,1,1,1,1.0,,1,1.0,0.0,1.0,0.0,0,0,1,0,1,1,1,0,1,0,0,1,0,0,0,1,0,1,1,1,1,1,0,0,0,1,0,0,1,1,1,0,0,1,0,0,1,0,1,1,1,0,1,1,0,0,1,1,0,1,0,0,0,0,0,0,0,0,0,0,0,0,0,0,0,0,0,0,3,5,5,5,5,5,4,5,5,1,3,5,4,1,1,1,3,3,4,1,1,1,0,0,0
72.0,0,0,2,1,1,1,1.0,1.0,0,0.0,0.0,1.0,0.0,1,0,0,0,0,1,1,1,1,1,1,1,0,1,0,1,1,1,0,1,1,1,1,1,1,0,0,0,0,1,1,1,0,1,0,1,0,0,0,1,0,0,1,1,0,0,1,1,1,1,1,0,0,0,0,0,0,0,0,0,0,0,0,0,0,0,0,0,5,3,4,4,3,5,5,2,5,1,2,5,4,5,2,3,4,1,3,0,0,1,1,0,0
32.0,3,0,5,1,1,1,,,0,1.0,0.0,1.0,1.0,1,1,0,0,0,1,1,0,1,0,1,0,0,0,0,1,0,1,1,1,0,0,1,0,0,0,1,0,1,1,0,0,1,1,0,1,1,0,1,0,1,1,1,1,1,1,0,0,0,0,0,0,0,0,0,0,0,0,0,0,0,0,0,0,0,0,0,0,5,5,5,4,5,4,4,4,5,2,5,5,4,2,3,4,4,4,5,1,1,1,1,0,0
39.0,3,0,2,0,1,0,0.0,0.0,0,0.0,0.0,0.0,0.0,0,0,0,0,0,0,0,0,0,0,0,0,0,0,0,1,0,0,0,0,0,0,0,0,0,0,0,0,0,0,0,0,0,0,0,0,0,0,0,0,1,0,0,0,0,0,0,0,0,0,0,0,0,0,0,0,0,0,0,0,0,0,0,0,0,0,0,0,5,4,5,4,5,3,4,4,5,2,4,5,4,3,3,1,1,5,4,0,0,0,0,0,0
70.0,0,1,5,1,1,1,1.0,1.0,1,0.0,0.0,1.0,0.0,0,1,0,0,1,1,1,0,1,1,0,1,0,0,1,0,1,0,0,1,0,0,0,1,0,1,0,0,1,1,1,0,0,1,1,1,0,1,0,1,1,0,1,1,0,0,1,0,1,0,1,1,0,0,0,0,0,0,0,0,0,0,0,0,0,0,0,0,4,5,4,5,4,4,5,5,4,2,3,4,4,2,2,5,5,3,5,0,0,1,0,0,0
52.0,1,1,1,1,1,1,0.0,1.0,0,1.0,1.0,0.0,,1,1,0,0,0,1,1,1,1,1,0,0,0,0,0,1,1,0,1,0,0,0,0,0,0,0,0,0,0,0,0,0,0,0,0,0,0,0,0,0,1,1,1,1,0,0,0,0,0,0,0,0,0,0,0,0,0,0,0,0,0,0,0,0,0,0,0,0,5,5,5,4,4,5,5,1,1,1,5,4,5,4,5,4,5,5,1,1,0,1,1,0,0
53.0,1,0,5,1,1,1,1.0,0.0,1,1.0,0.0,,,1,0,1,0,0,1,1,0,1,1,0,0,0,0,0,1,1,1,0,1,0,0,0,1,0,1,0,0,0,1,0,0,0,1,1,0,0,0,0,0,0,1,1,0,0,0,1,0,1,1,0,1,1,0,0,0,1,0,0,1,0,0,0,0,0,0,0,0,5,4,5,5,4,4,2,5,4,2,4,5,4,4,4,2,4,2,4,1,1,1,0,0,0
28.0,2,1,5,0,1,0,0.0,0.0,0,0.0,0.0,0.0,,0,0,0,0,0,0,0,0,0,0,0,0,0,0,0,1,0,0,0,0,0,0,0,0,0,0,0,0,0,0,0,0,0,0,0,0,0,0,0,0,0,1,0,0,0,0,0,0,0,0,0,0,0,0,0,0,0,0,0,0,0,0,0,0,0,0,0,0,5,5,1,5,4,4,2,2,1,1,3,5,5,5,4,4,4,5,5,1,0,0,0,0,0
46.0,1,0,5,0,1,0,0.0,0.0,0,0.0,0.0,0.0,0.0,0,0,0,0,0,0,0,0,0,0,0,0,0,0,0,1,0,0,0,0,0,0,0,0,0,0,0,0,0,0,0,0,0,0,0,0,0,0,0,0,1,1,0,0,0,0,0,0,0,0,0,0,0,0,0,0,0,0,0,0,0,0,0,0,0,0,0,0,5,4,3,1,5,5,3,5,1,2,4,5,4,1,2,5,5,5,4,1,0,0,0,0,0
26.0,2,1,3,1,1,1,1.0,,0,1.0,1.0,1.0,0.0,0,1,1,0,0,1,1,1,1,0,0,0,0,0,0,1,0,1,1,1,0,1,0,0,0,1,0,0,1,0,0,0,1,1,1,1,1,1,0,1,1,1,1,0,1,1,1,1,0,0,0,1,0,0,0,0,0,0,0,0,0,0,0,0,0,0,0,0,4,4,4,4,4,5,5,3,1,1,4,2,2,1,4,4,4,2,3,0,0,1,0,0,1
42.0,3,0,5,1,1,0,1.0,1.0,0,1.0,0.0,1.0,0.0,1,1,1,1,1,1,0,0,0,0,0,0,0,0,0,1,0,1,1,1,0,0,0,1,0,0,1,0,1,0,1,1,0,0,0,0,0,0,0,0,0,1,0,0,0,0,0,0,0,0,0,0,0,0,0,0,0,0,0,0,0,0,0,0,0,0,0,0,5,4,1,3,4,3,5,4,2,2,5,5,3,3,2,3,2,5,5,0,0,1,1,0,0
38.0,3,0,0,1,1,0,,1.0,1,1.0,1.0,1.0,,0,1,0,0,0,1,1,1,1,0,1,0,1,0,0,1,1,1,0,1,0,0,0,1,0,1,0,0,1,1,0,1,0,0,0,0,0,0,0,0,1,0,0,0,0,0,0,0,0,0,0,0,0,0,0,0,0,0,0,0,0,0,0,0,0,0,0,0,5,3,4,5,4,4,3,2,1,1,3,5,5,5,5,5,5,4,3,1,0,1,0,0,0
53.0,1,1,2,1,1,0,1.0,1.0,0,1.0,,1.0,0.0,0,0,0,0,0,1,0,0,0,0,0,0,0,0,0,0,0,1,1,1,1,0,0,0,1,0,0,0,0,1,0,1,1,0,0,0,0,0,0,0,0,1,0,0,0,0,0,0,0,0,0,0,0,0,0,0,0,0,0,0,0,0,0,0,0,0,0,0,3,4,4,5,4,5,4,3,2,1,4,5,2,4,2,5,5,4,4,0,0,1,1,0,0
51.0,1,0,5,1,1,0,1.0,1.0,1,1.0,0.0,0.0,0.0,0,1,1,0,1,0,1,1,0,1,0,0,0,0,0,1,1,1,0,0,0,0,0,0,0,0,0,0,0,0,0,0,0,0,0,0,0,0,0,0,1,1,0,0,0,0,0,0,0,0,0,0,0,0,0,0,0,0,0,0,0,0,0,0,0,0,0,0,1,4,5,5,4,4,5,5,2,2,5,4,5,1,4,5,5,4,1,1,1,1,1,0,1
75.0,0,1,5,1,1,1,0.0,1.0,1,1.0,1.0,1.0,0.0,1,0,0,1,1,0,0,1,0,0,0,0,0,0,0,1,1,1,0,0,0,0,0,0,0,0,0,0,0,0,0,0,0,1,0,0,1,1,0,1,1,1,1,1,1,1,1,1,1,0,0,0,0,0,0,0,0,0,0,0,0,0,0,0,0,0,0,0,5,5,5,5,4,4,1,5,1,1,4,5,4,4,4,4,2,2,3,0,0,1,1,0,1
,2,1,5,1,1,0,,1.0,0,0.0,1.0,1.0,0.0,0,1,1,1,0,1,0,1,0,0,0,0,0,0,0,1,0,1,1,1,1,0,0,0,1,0,0,0,0,0,1,0,0,0,0,0,0,0,0,0,1,0,0,0,0,0,0,0,0,0,0,0,1,1,0,0,0,0,1,1,0,1,0,0,0,0,1,0,3,4,5,5,4,4,4,5,3,2,5,5,5,1,4,1,3,1,1,0,0,1,0,0,1
59.0,1,1,1,1,1,1,1.0,1.0,0,1.0,0.0,1.0,1.0,1,0,1,1,1,1,0,1,0,0,0,0,0,0,0,0,0,1,1,1,1,1,0,0,0,0,1,0,0,0,0,1,0,0,0,0,0,0,0,0,1,1,1,1,1,1,1,0,1,0,0,1,0,0,0,0,0,0,0,0,0,0,0,0,0,0,0,0,5,2,4,4,5,5,3,5,1,1,1,5,4,4,3,1,4,5,4,1,0,1,0,0,0
64.0,0,1,5,1,1,0,,1.0,1,1.0,1.0,0.0,0.0,1,1,1,0,0,1,1,0,0,0,0,1,0,1,0,1,1,0,1,1,0,0,1,0,1,0,0,0,0,0,0,0,1,0,0,0,0,0,0,0,1,1,0,0,0,0,0,0,0,0,0,0,0,0,0,0,0,0,0,0,0,0,0,0,0,0,0,0,5,5,4,4,5,5,3,5,1,2,4,5,5,1,4,2,1,3,3,1,1,1,0,1,0
90.0,4,1,5,1,1,1,1.0,0.0,1,1.0,1.0,1.0,0.0,1,1,1,0,1,1,1,0,1,0,0,0,0,0,0,1,1,1,0,0,0,0,0,0,0,0,0,0,0,0,0,0,0,1,0,0,0,0,0,0,0,1,1,1,0,0,1,1,0,0,0,0,0,0,0,0,0,0,0,0,0,0,0,0,0,0,0,0,5,5,3,5,4,4,5,4,1,4,4,5,5,2,3,5,3,3,5,0,0,1,0,0,0
40.0,3,0,2,1,1,1,1.0,0.0,0,1.0,0.0,0.0,,1,0,0,1,0,1,1,0,1,0,0,1,0,0,0,1,1,1,1,1,0,0,0,0,1,0,0,0,0,0,1,0,1,1,0,0,1,0,1,0,0,1,1,1,0,0,0,0,0,0,0,0,0,0,0,0,0,0,0,0,0,0,0,0,0,0,0,0,5,5,5,5,2,4,4,3,1,2,1,5,2,1,2,4,3,2,3,0,0,1,0,0,0
54.0,1,0,,1,1,1,1.0,1.0,1,,1.0,,0.0,0,1,0,0,0,1,1,1,0,1,1,0,0,1,0,1,1,1,1,1,1,1,1,0,1,0,0,0,1,1,1,1,0,1,1,0,1,0,0,0,0,0,1,1,1,1,0,0,0,0,0,0,0,0,0,0,0,0,0,0,0,0,0,0,0,0,0,0,5,4,4,4,4,1,5,2,5,1,1,4,5,4,5,1,4,4,1,1,0,0,1,0,0
44.0,3,0,5,0,1,1,0.0,0.0,0,0.0,0.0,0.0,0.0,0,0,0,0,0,0,0,0,0,0,0,0,0,0,0,0,0,0,0,0,0,0,0,0,0,0,0,0,0,0,0,0,0,0,0,0,0,0,0,0,1,0,1,1,0,0,1,1,1,1,1,1,0,0,0,0,0,0,0,0,0,0,0,0,0,0,0,0,5,5,4,4,4,5,5,5,1,3,4,5,2,5,5,5,3,1,4,0,0,0,0,0,0
56.0,1,0,2,1,1,1,,1.0,1,0.0,0.0,0.0,0.0,1,0,0,0,1,1,1,1,0,0,0,0,0,0,1,1,0,0,0,1,1,1,0,0,1,0,0,0,1,0,1,1,0,0,0,0,0,0,0,0,1,0,1,1,0,0,1,1,0,0,1,1,0,0,0,0,0,0,0,0,0,0,0,0,0,0,0,0,1,4,5,4,4,4,4,4,2,1,3,2,4,3,1,3,4,5,4,0,0,1,1,0,1
63.0,0,0,5,1,1,1,1.0,0.0,1,1.0,1.0,,1.0,1,1,0,0,0,1,0,1,0,0,0,0,0,0,0,1,0,0,0,1,1,1,0,0,0,0,1,0,1,1,1,0,1,1,1,1,0,1,1,0,0,1,1,1,1,0,1,1,0,0,1,1,0,0,0,0,0,0,0,0,0,0,0,0,0,0,0,0,5,5,5,5,4,5,4,1,1,1,4,5,2,5,4,3,4,5,3,1,1,1,0,1,0
56.0,1,,5,0,1,1,0.0,0.0,0,0.0,0.0,0.0,0.0,0,0,0,0,0,0,0,0,0,0,0,0,0,0,0,1,0,0,0,0,0,0,0,0,0,0,0,0,0,0,0,0,0,0,0,0,0,0,0,0,1,1,0,1,1,1,1,1,0,1,0,1,0,0,0,0,0,0,0,0,0,0,0,0,0,0,0,0,5,4,4,5,5,4,5,4,1,1,2,1,4,5,4,3,2,4,5,0,0,0,0,0,0
20.0,2,2,5,0,1,1,,0.0,0,0.0,0.0,0.0,0.0,0,0,0,0,0,0,0,0,0,0,0,0,0,0,0,1,0,0,0,0,0,0,0,0,0,0,0,0,0,0,0,0,0,0,0,0,0,0,0,0,0,0,1,1,1,1,1,1,1,1,0,0,0,0,0,0,0,0,0,0,0,0,0,0,0,0,0,0,4,5,4,2,4,5,3,3,2,2,4,4,5,1,4,5,5,3,3,1,0,0,0,0,0
59.0,1,0,,1,1,0,1.0,,1,1.0,0.0,1.0,0.0,1,1,0,1,0,1,1,0,1,1,0,1,0,0,0,1,0,1,0,1,0,0,0,0,1,0,0,0,0,0,1,1,1,0,0,0,0,0,0,0,0,1,0,0,0,0,0,0,0,0,0,0,1,0,0,0,0,0,0,0,0,0,0,0,0,0,0,0,4,1,4,4,4,4,4,2,2,3,1,5,4,2,3,4,4,1,5,1,0,1,0,0,1
37.0,3,0,,1,1,1,1.0,1.0,0,1.0,0.0,0.0,1.0,0,0,0,0,1,1,1,0,1,0,0,1,0,1,0,1,1,1,0,0,0,0,0,0,0,0,0,0,0,0,0,0,0,0,0,0,0,0,0,0,1,1,1,1,1,1,1,0,1,0,0,0,0,0,0,0,0,0,0,0,0,0,0,0,0,0,0,0,4,4,5,5,4,5,5,4,1,1,5,1,1,3,4,4,2,4,4,0,0,1,0,0,0
53.0,1,1,1,0,1,1,1.0,1.0,1,,,,0.0,1,0,0,1,0,1,1,0,1,0,0,1,0,0,0,1,1,1,1,1,1,0,0,0,0,1,0,0,0,0,0,0,0,1,1,0,1,1,0,0,1,0,0,1,0,0,1,0,0,1,0,0,1,1,0,0,0,0,0,1,0,0,0,0,0,0,0,0,5,5,5,5,1,5,4,3,4,2,2,4,2,4,4,3,3,2,5,1,1,1,0,1,0
44.0,3,1,5,1,1,1,1.0,0.0,0,0.0,0.0,1.0,0.0,1,1,1,0,0,1,1,1,1,0,0,0,0,0,0,1,1,1,0,1,0,1,0,0,1,0,0,0,1,0,0,1,0,1,1,1,1,0,1,0,1,1,1,1,0,0,1,0,1,0,1,1,1,1,0,0,0,0,0,1,0,0,0,0,0,0,0,0,4,4,5,5,2,4,5,4,1,5,4,3,4,5,3,1,4,3,3,1,0,1,0,0,0
55.0,1,,5,1,1,1,1.0,1.0,0,1.0,0.0,1.0,0.0,0,1,1,0,1,1,0,0,0,0,0,0,0,0,0,1,0,1,0,1,0,1,1,0,1,0,0,0,0,0,1,0,0,0,0,0,0,0,0,0,1,0,1,1,1,1,1,0,0,0,1,1,0,0,0,0,0,0,0,0,0,0,0,0,0,0,0,0,4,4,5,5,5,5,4,5,1,1,4,5,2,3,3,2,2,5,2,0,0,0,0,1,0
38.0,3,0,5,1,1,1,1.0,0.0,0,1.0,0.0,0.0,0.0,0,0,1,0,0,1,1,1,1,0,0,0,0,0,0,1,0,1,0,1,1,1,0,0,0,1,0,0,1,0,0,1,1,1,1,0,1,0,1,0,0,0,1,1,1,0,1,1,0,1,0,0,0,0,0,0,0,0,0,0,0,0,0,0,0,0,0,0,5,3,5,5,5,5,5,4,2,2,5,4,1,5,5,4,2,1,5,1,1,1,1,1,0
61.0,0,0,5,1,1,1,0.0,0.0,1,1.0,0.0,1.0,0.0,0,0,1,0,0,1,1,1,1,0,0,0,0,0,0,0,1,0,0,0,0,0,0,0,0,0,0,0,0,0,0,0,0,1,1,0,1,0,0,1,0,1,1,1,0,0,1,1,0,0,0,0,0,0,0,0,0,0,0,0,0,0,0,0,0,0,0,0,3,4,4,5,4,4,5,4,1,2,4,5,5,5,1,4,5,1,4,1,0,1,0,1,0
70.0,0,0,5,1,1,1,1.0,0.0,0,1.0,1.0,,0.0,1,1,0,0,0,1,1,0,0,0,0,0,0,1,0,1,1,1,1,1,1,1,1,0,1,0,0,0,1,0,0,1,0,1,0,0,1,0,1,0,1,0,1,1,0,0,1,1,1,1,0,1,0,0,0,0,0,0,0,0,0,0,0,0,0,0,0,0,3,2,4,5,4,5,4,5,1,5,5,4,5,5,4,3,5,4,2,0,0,1,0,1,0
54.0,1,1,0,1,1,1,,1.0,0,1.0,0.0,,1.0,1,0,1,0,1,1,1,1,1,0,0,1,0,0,0,0,0,0,1,1,1,0,0,0,1,0,0,0,1,0,1,1,1,1,0,1,1,1,0,0,1,1,1,1,0,0,1,1,1,0,0,0,0,0,0,0,0,0,0,0,0,0,0,0,0,0,0,0,5,4,4,4,4,3,5,3,2,2,5,5,3,5,4,1,5,3,4,0,0,1,0,0,1
42.0,3,1,1,1,1,1,0.0,1.0,0,1.0,1.0,1.0,,1,0,1,0,0,1,1,1,1,1,1,0,0,0,0,1,0,0,0,1,1,1,1,0,1,0,0,0,1,1,1,0,0,1,1,1,0,0,1,0,1,1,1,1,1,1,1,1,0,1,0,0,0,0,0,0,0,0,0,0,0,0,0,0,0,0,0,0,4,5,3,4,5,1,3,2,1,1,4,3,2,4,4,5,5,2,2,0,0,1,0,1,0
39.0,3,0,5,1,1,1,1.0,1.0,0,,1.0,0.0,0.0,1,0,0,0,0,1,0,1,0,0,0,0,0,0,0,1,1,1,1,1,1,1,0,0,0,0,1,0,1,1,0,0,0,1,1,1,1,0,0,1,1,0,0,1,0,0,1,0,0,1,0,0,0,0,0,0,0,0,0,0,0,0,0,0,0,0,0,0,4,5,5,5,5,4,5,4,1,1,5,5,1,5,5,4,2,3,3,1,0,1,0,0,0
49.0,1,1,4,1,1,1,1.0,0.0,1,1.0,0.0,0.0,0.0,1,0,1,1,0,1,1,1,1,1,0,1,0,0,0,1,1,0,0,1,0,0,0,0,1,0,0,0,1,1,0,0,1,1,1,1,1,0,0,0,0,1,1,1,1,1,1,0,0,0,0,1,0,0,0,0,0,0,0,0,0,0,0,0,0,0,0,0,4,4,4,2,4,4,2,4,2,4,4,3,4,4,4,4,2,2,5,0,0,1,0,0,0
69.0,0,0,5,1,1,1,1.0,0.0,1,0.0,0.0,0.0,0.0,1,0,0,0,1,1,1,0,0,0,0,1,0,1,0,1,0,1,0,1,0,0,1,1,1,0,0,0,1,1,0,0,1,1,0,0,0,0,0,0,1,0,1,1,0,0,1,1,0,0,0,1,1,1,0,0,0,0,0,1,0,0,0,0,0,0,0,0,5,5,1,5,5,4,4,4,3,1,1,5,3,5,3,1,2,4,5,1,0,1,0,0,0
45.0,1,0,5,0,1,1,0.0,0.0,0,0.0,0.0,0.0,0.0,0,0,0,0,0,0,0,0,0,0,0,0,0,0,0,0,0,0,0,0,0,0,0,0,0,0,0,0,0,0,0,0,0,0,0,0,0,0,0,0,1,1,1,1,1,1,1,1,1,1,0,1,0,0,0,0,0,0,0,0,0,0,0,0,0,0,0,0,3,4,5,2,4,5,4,4,2,2,1,1,4,2,4,4,5,4,4,1,0,0,0,0,0
76.0,0,1,5,0,1,0,0.0,0.0,0,,0.0,0.0,0.0,0,0,0,0,0,0,0,0,0,0,0,0,0,0,0,1,0,0,0,0,0,0,0,0,0,0,0,0,0,0,0,0,0,0,0,0,0,0,0,0,1,1,0,0,0,0,0,0,0,0,0,0,0,0,0,0,0,0,0,0,0,0,0,0,0,0,0,0,5,3,5,4,4,4,4,4,1,2,4,4,5,2,5,2,3,3,5,0,0,0,0,0,0
60.0,1,0,5,1,1,0,1.0,1.0,1,0.0,,1.0,0.0,1,1,0,1,1,1,1,1,1,1,0,0,0,0,0,1,0,0,0,1,1,0,0,1,0,1,0,0,1,1,0,0,1,0,0,0,0,0,0,0,0,1,0,0,0,0,0,0,0,0,0,0,0,0,0,0,0,0,0,0,0,0,0,0,0,0,0,0,3,4,3,4,5,4,5,4,2,1,5,5,4,3,5,4,4,2,5,0,0,1,0,0,0
50.0,1,0,5,0,1,1,0.0,0.0,0,0.0,0.0,0.0,0.0,0,0,0,0,0,0,0,0,0,0,0,0,0,0,0,0,0,0,0,0,0,0,0,0,0,0,0,0,0,0,0,0,0,0,0,0,0,0,0,0,1,0,1,1,0,0,1,1,0,0,1,1,0,0,0,0,0,0,0,0,0,0,0,0,0,0,0,0,4,4,1,4,5,4,5,5,1,2,4,5,4,5,2,5,5,4,4,1,0,0,0,0,0
52.0,1,1,1,1,1,1,1.0,1.0,0,1.0,0.0,0.0,,1,1,1,1,0,1,1,1,1,1,1,0,0,1,0,1,0,0,1,1,1,1,0,0,0,1,0,0,1,0,0,1,0,0,0,0,0,0,0,0,1,0,1,1,0,0,1,1,0,1,1,0,0,0,0,0,0,0,0,0,0,0,0,0,0,0,0,0,5,5,4,4,1,4,4,2,1,1,3,4,3,4,3,5,5,5,2,1,0,1,0,1,0
,3,1,5,0,1,1,0.0,0.0,0,0.0,0.0,0.0,0.0,0,0,0,0,0,0,0,0,0,0,0,0,0,0,0,0,0,0,0,0,0,0,0,0,0,0,0,0,0,0,0,0,0,0,0,0,0,0,0,0,0,1,1,1,0,0,1,1,0,1,0,0,0,0,0,0,0,0,0,0,0,0,0,0,0,0,0,0,3,5,5,4,4,5,4,4,5,1,4,5,5,5,2,5,5,4,5,0,0,0,0,0,0
49.0,1,0,5,1,1,1,1.0,1.0,0,1.0,0.0,0.0,0.0,0,0,1,0,0,1,0,0,0,0,0,0,0,0,0,0,0,0,0,1,1,0,1,0,0,1,0,0,1,1,1,0,0,1,1,0,0,0,0,0,1,1,1,1,1,0,1,1,1,1,1,0,0,0,0,0,0,0,0,0,0,0,0,0,0,0,0,0,5,3,5,5,5,5,5,2,2,2,2,5,4,3,4,2,4,4,3,0,0,1,0,0,0
28.0,2,0,5,1,1,0,1.0,1.0,0,0.0,0.0,0.0,0.0,1,1,0,1,1,1,1,1,1,0,1,0,1,0,0,1,0,1,1,0,0,0,0,0,0,0,0,0,0,0,0,0,0,0,0,0,0,0,0,0,0,0,0,0,0,0,0,0,0,0,0,0,0,0,0,0,0,0,0,0,0,0,0,0,0,0,0,0,5,4,5,3,4,5,5,2,1,1,5,4,2,4,1,3,3,4,4,1,0,1,0,0,0
69.0,0,,1,1,1,1,1.0,1.0,0,,0.0,0.0,0.0,1,1,0,1,1,1,1,0,1,0,0,1,0,0,0,0,1,1,0,0,0,0,0,0,0,0,0,0,0,0,0,0,0,1,1,1,1,1,1,0,1,1,1,1,0,0,0,0,0,0,0,0,0,0,0,0,0,0,0,0,0,0,0,0,0,0,0,0,5,3,5,4,5,4,3,5,1,2,5,5,5,4,5,4,5,3,4,1,1,1,0,0,0
36.0,3,1,5,1,1,1,1.0,0.0,0,,1.0,0.0,0.0,1,1,1,0,1,1,1,1,1,0,1,0,0,0,0,1,0,1,1,1,1,0,0,0,0,1,0,0,0,0,1,1,1,1,0,1,0,1,0,0,1,1,1,0,0,0,1,1,1,1,1,1,0,0,0,0,0,0,0,0,0,0,0,0,0,0,0,0,5,5,5,1,5,4,5,1,1,2,5,3,3,4,4,3,4,3,2,1,0,1,0,0,1
62.0,0,1,5,1,1,1,0.0,0.0,0,1.0,1.0,1.0,0.0,0,0,0,0,0,0,1,1,1,1,0,0,0,0,0,0,1,1,1,0,0,0,0,0,0,0,0,0,0,0,0,0,0,1,1,0,1,0,0,0,1,0,0,0,0,0,1,1,0,1,0,1,0,0,0,0,0,0,0,0,0,0,0,0,0,0,0,0,2,4,4,5,4,3,4,2,1,1,1,4,4,3,4,4,3,3,5,1,0,1,0,0,1
24.0,2,1,5,1,1,0,0.0,1.0,0,1.0,1.0,0.0,0.0,1,0,1,1,1,1,1,1,1,0,1,0,0,0,0,0,0,0,0,1,0,0,0,0,1,0,0,0,1,1,0,1,0,0,0,0,0,0,0,0,0,1,0,0,0,0,0,0,0,0,0,0,0,0,0,0,0,0,0,0,0,0,0,0,0,0,0,0,5,5,4,4,5,3,5,3,1,4,4,5,3,4,4,1,4,1,4,0,0,1,0,1,1
73.0,0,1,,1,1,1,0.0,1.0,1,1.0,0.0,0.0,,1,0,1,0,1,1,0,0,0,0,0,0,0,0,0,1,0,1,0,1,0,0,0,0,1,0,0,0,1,0,0,0,1,1,1,1,0,1,1,1,1,0,1,1,1,1,0,0,0,0,0,0,0,0,0,0,0,0,0,0,0,0,0,0,0,0,0,0,4,2,4,5,1,4,3,4,1,3,4,5,5,4,3,5,1,5,2,0,0,1,0,0,1
,3,1,5,0,1,0,0.0,0.0,0,0.0,0.0,0.0,0.0,0,0,0,0,0,0,0,0,0,0,0,0,0,0,0,1,0,0,0,0,0,0,0,0,0,0,0,0,0,0,0,0,0,0,0,0,0,0,0,0,0,1,0,0,0,0,0,0,0,0,0,0,0,0,0,0,0,0,0,0,0,0,0,0,0,0,0,0,4,5,4,5,5,5,4,3,1,2,2,5,4,4,1,2,3,2,5,0,0,0,0,0,0
35.0,3,1,5,1,1,1,1.0,1.0,0,1.0,0.0,1.0,0.0,1,0,0,0,0,1,1,1,1,0,0,0,0,0,0,1,1,0,1,1,1,0,0,1,1,0,0,0,1,0,1,1,1,1,0,1,1,0,0,1,1,0,1,1,1,1,1,0,1,1,0,1,0,0,0,0,0,0,0,0,0,0,0,0,0,0,0,0,3,4,4,2,5,5,5,5,1,1,5,4,4,1,4,3,5,2,1,0,0,1,0,0,0
62.0,0,0,5,0,1,0,0.0,0.0,0,0.0,0.0,0.0,0.0,0,0,0,0,0,0,0,0,0,0,0,0,0,0,0,1,0,0,0,0,0,0,0,0,0,0,0,0,0,0,0,0,0,0,0,0,0,0,0,0,0,1,0,0,0,0,0,0,0,0,0,0,0,0,0,0,0,0,0,0,0,0,0,0,0,0,0,0,3,5,4,4,5,5,4,1,5,3,4,5,5,1,4,4,4,5,3,1,0,0,0,0,0
48.0,1,1,5,1,1,1,1.0,1.0,0,1.0,1.0,0.0,1.0,1,0,0,1,0,1,0,0,0,0,0,0,0,0,0,0,1,1,1,0,0,0,0,0,0,0,0,0,0,0,0,0,0,1,1,1,0,0,0,0,1,1,1,1,0,0,1,1,1,0,0,0,0,0,0,0,0,0,0,0,0,0,0,0,0,0,0,0,4,2,4,4,5,5,5,2,2,3,4,4,4,4,5,5,4,1,5,0,0,1,0,0,0
55.0,1,0,5,1,1,1,1.0,0.0,0,1.0,,0.0,0.0,1,0,0,0,1,1,1,0,0,1,0,0,0,0,0,1,1,0,1,1,0,1,1,1,0,0,1,0,1,0,1,1,0,1,0,0,0,1,0,1,1,1,0,1,0,0,1,0,1,0,1,1,0,0,0,0,0,0,0,0,0,0,0,0,0,0,0,0,3,5,4,4,4,4,2,4,2,1,4,3,4,4,5,2,5,1,2,1,1,1,0,0,0
76.0,0,1,,0,1,0,0.0,0.0,0,0.0,0.0,0.0,0.0,0,0,0,0,0,0,0,0,0,0,0,0,0,0,0,0,0,0,0,0,0,0,0,0,0,0,0,0,0,0,0,0,0,0,0,0,0,0,0,0,1,0,0,0,0,0,0,0,0,0,0,0,0,0,0,0,0,0,0,0,0,0,0,0,0,0,0,0,4,4,1,4,5,5,1,1,5,5,5,5,4,4,5,2,3,5,2,0,0,0,0,0,0
54.0,1,2,5,1,1,1,0.0,,1,1.0,0.0,0.0,1.0,0,0,0,0,1,1,1,1,1,0,0,0,1,0,0,1,0,1,1,1,0,1,0,0,1,0,0,0,1,1,1,1,1,1,0,1,0,1,0,1,0,1,1,1,0,0,1,1,0,1,1,0,0,0,0,0,0,0,0,0,0,0,0,0,0,0,0,0,5,5,4,5,4,3,5,2,2,1,3,1,5,2,4,4,1,4,1,0,0,0,0,0,0
62.0,0,1,2,1,1,1,0.0,0.0,0,0.0,0.0,0.0,0.0,1,0,0,0,0,1,1,1,0,0,1,1,0,0,0,0,1,0,1,0,0,0,0,0,0,0,0,0,0,0,0,0,0,1,1,1,1,0,1,1,1,1,1,1,1,1,1,1,0,1,1,0,0,0,0,0,0,0,0,0,0,0,0,0,0,0,0,0,4,5,5,4,3,4,2,5,2,2,5,4,4,4,2,3,1,1,1,0,0,1,0,0,0
,1,1,5,1,1,0,1.0,1.0,0,1.0,0.0,0.0,0.0,1,0,1,0,1,1,0,0,0,0,0,0,0,0,0,1,0,1,0,1,1,1,0,0,0,0,0,1,1,1,0,1,0,0,0,0,0,0,0,0,1,1,0,0,0,0,0,0,0,0,0,0,0,0,0,0,0,0,0,0,0,0,0,0,0,0,0,0,4,4,4,3,5,4,3,4,2,2,5,4,5,5,3,2,3,4,5,0,0,1,0,0,0
51.0,1,1,5,1,1,1,,0.0,1,0.0,0.0,0.0,0.0,1,0,1,0,1,1,1,0,0,1,0,0,0,0,0,0,0,1,1,0,0,0,0,0,0,0,0,0,0,0,0,0,0,1,0,1,1,1,0,1,1,1,1,1,1,1,1,1,1,0,0,0,0,0,0,0,0,0,0,0,0,0,0,0,0,0,0,0,5,4,4,3,2,4,5,5,2,4,5,4,4,5,5,1,5,5,4,1,1,1,0,0,0
40.0,3,0,5,0,1,0,0.0,0.0,0,,0.0,,0.0,0,0,0,0,0,0,0,0,0,0,0,0,0,0,0,1,0,0,0,0,0,0,0,0,0,0,0,0,0,0,0,0,0,0,0,0,0,0,0,0,0,0,0,0,0,0,0,0,0,0,0,0,0,0,0,0,0,0,0,0,0,0,0,0,0,0,0,0,4,5,4,4,3,5,1,3,4,1,3,4,3,5,1,5,3,2,3,0,0,0,0,0,0
22.0,2,0,,0,1,1,1.0,1.0,0,1.0,1.0,0.0,0.0,1,0,0,1,0,1,1,1,0,1,0,0,0,0,1,1,1,0,0,0,0,0,0,0,0,0,0,0,0,0,0,0,0,1,1,1,0,1,0,1,1,0,1,0,1,0,1,1,1,0,0,0,0,0,0,0,0,0,0,0,0,0,0,0,0,0,0,0,4,4,4,1,4,4,3,4,5,2,4,4,5,1,5,5,2,1,5,1,0,1,0,0,0
33.0,3,1,0,0,1,1,0.0,0.0,0,0.0,0.0,0.0,0.0,0,0,0,0,0,0,0,0,0,0,0,0,0,0,0,1,0,0,0,0,0,0,0,0,0,0,0,0,0,0,0,0,0,0,0,0,0,0,0,0,1,0,1,1,0,0,0,0,0,0,0,0,0,0,0,0,0,0,0,0,0,0,0,0,0,0,0,0,5,5,1,5,4,4,4,5,1,5,1,5,4,5,1,4,5,4,4,1,0,0,0,0,0
63.0,0,0,5,1,1,1,1.0,1.0,1,1.0,1.0,0.0,1.0,0,1,0,0,0,1,0,0,0,0,0,0,0,0,0,1,1,0,0,1,0,0,0,0,0,0,1,0,1,1,0,0,1,1,0,0,0,0,0,1,0,0,1,0,0,0,1,0,0,0,0,0,0,0,0,0,0,0,0,0,0,0,0,0,0,0,0,0,4,5,2,4,4,4,1,5,1,1,4,4,5,3,5,3,3,5,4,1,1,1,0,0,0
49.0,1,0,5,1,1,1,1.0,1.0,0,1.0,1.0,1.0,0.0,1,0,0,0,0,1,1,1,0,0,1,1,0,0,0,1,0,0,1,1,1,0,0,0,0,1,0,0,1,1,1,0,1,0,0,0,0,0,0,0,1,1,1,1,1,1,1,0,0,0,0,0,1,1,0,0,0,0,1,1,0,1,0,0,1,1,1,0,5,3,5,3,4,5,1,3,1,1,3,5,5,4,4,2,5,3,2,0,0,0,1,0,0
35.0,3,1,1,1,1,0,,1.0,0,1.0,,1.0,0.0,1,1,0,0,0,1,1,1,1,0,0,0,0,0,0,1,0,1,1,1,0,0,0,1,1,0,0,0,0,0,0,1,1,0,0,0,0,0,0,0,1,1,0,0,0,0,0,0,0,0,0,0,0,0,0,0,0,0,0,0,0,0,0,0,0,0,0,0,5,5,3,5,5,4,5,4,4,3,2,5,4,5,2,3,5,2,4,0,0,1,0,0,0
49.0,1,0,2,0,1,1,0.0,0.0,0,0.0,0.0,0.0,0.0,0,0,0,0,0,0,0,0,0,0,0,0,0,0,0,0,0,0,0,0,0,0,0,0,0,0,0,0,0,0,0,0,0,0,0,0,0,0,0,0,1,0,1,0,1,1,1,1,0,1,0,0,0,0,0,0,0,0,0,0,0,0,0,0,0,0,0,0,4,5,2,4,5,4,2,3,1,2,3,4,4,5,5,3,4,5,3,1,0,0,0,0,0
25.0,2,1,5,1,1,1,0.0,,0,1.0,1.0,,,1,0,1,0,0,1,1,1,0,0,0,0,0,1,0,0,1,1,1,0,0,0,0,0,0,0,0,0,0,0,0,0,0,1,1,0,1,0,0,0,1,0,1,1,1,1,1,1,1,1,0,1,1,1,0,0,0,0,1,1,1,0,0,1,1,0,0,1,5,2,5,4,3,3,4,4,2,1,3,5,5,4,3,4,2,5,5,1,0,0,0,0,0
27.0,2,2,4,1,1,1,1.0,1.0,1,1.0,1.0,0.0,0.0,0,1,0,1,1,1,1,0,0,1,0,0,0,0,0,1,1,0,1,1,0,1,0,0,0,1,0,0,0,0,0,0,1,1,1,1,0,0,0,0,0,1,0,1,1,1,1,1,1,1,1,1,0,0,0,0,0,0,0,0,0,0,0,0,0,0,0,0,5,4,5,3,4,5,5,4,1,2,1,4,1,1,3,3,1,1,5,0,0,1,0,1,0
79.0,0,1,5,1,1,1,1.0,1.0,0,1.0,0.0,0.0,0.0,1,0,0,0,0,1,1,0,0,1,0,1,0,0,0,1,0,1,1,0,0,0,0,0,0,0,0,0,0,0,0,0,0,1,1,0,1,0,0,1,1,1,1,1,1,1,1,0,1,1,0,0,0,0,0,0,0,0,0,0,0,0,0,0,0,0,0,0,5,5,5,4,5,5,5,3,2,1,4,4,2,5,5,3,4,4,2,1,1,1,0,0,0
47.0,1,1,1,1,1,1,1.0,0.0,0,0.0,1.0,0.0,0.0,1,0,1,0,1,1,1,1,0,0,0,0,0,0,1,1,0,0,0,1,1,0,0,0,0,1,0,0,1,0,1,1,0,1,1,0,1,1,0,0,1,1,1,1,0,0,0,0,0,0,0,0,0,0,0,0,0,0,0,0,0,0,0,0,0,0,0,0,4,1,4,5,4,2,1,4,2,2,4,5,1,4,1,4,1,3,4,0,0,0,1,0,0
51.0,1,0,2,1,1,0,1.0,,0,,0.0,1.0,0.0,1,0,1,0,0,1,1,1,0,0,1,0,0,0,0,0,1,1,1,1,0,0,0,0,0,1,0,0,0,1,0,1,1,0,0,0,0,0,0,0,1,1,0,0,0,0,0,0,0,0,0,0,0,0,0,0,0,0,0,0,0,0,0,0,0,0,0,0,5,2,4,5,1,5,5,4,2,4,5,5,4,4,4,4,3,4,5,1,0,1,0,1,0
,3,1,5,1,1,0,0.0,1.0,0,1.0,0.0,1.0,0.0,1,0,0,0,0,1,1,1,1,0,1,0,1,0,0,1,1,0,1,1,1,1,1,0,0,1,0,0,1,1,1,1,0,0,0,0,0,0,0,0,1,1,0,0,0,0,0,0,0,0,0,0,1,1,0,0,1,0,1,1,0,1,1,0,0,0,0,1,4,5,5,1,5,1,5,2,2,2,1,4,4,4,5,1,5,5,5,0,0,1,0,0,0
42.0,3,0,5,1,1,0,1.0,1.0,0,1.0,0.0,0.0,0.0,1,0,0,1,0,1,1,0,0,0,0,0,0,0,0,1,0,0,1,0,0,0,0,0,0,0,0,0,0,0,0,0,0,0,0,0,0,0,0,0,1,1,0,0,0,0,0,0,0,0,0,0,1,0,0,0,0,0,0,0,0,0,0,0,0,0,0,0,4,5,1,4,1,4,2,4,1,1,4,4,5,3,3,1,5,4,4,1,1,1,0,0,1
76.0,0,0,5,1,1,1,,1.0,1,1.0,1.0,1.0,0.0,0,0,0,0,0,1,1,1,1,1,1,0,1,0,0,1,0,0,1,0,0,0,0,0,0,0,0,0,0,0,0,0,0,0,0,0,0,0,0,0,1,1,0,1,1,1,1,0,1,1,0,0,0,0,0,0,0,0,0,0,0,0,0,0,0,0,0,0,5,5,5,5,4,5,5,5,2,5,4,4,5,4,3,4,5,1,5,1,1,0,0,0,0
50.0,1,,1,1,1,1,,1.0,0,0.0,,1.0,0.0,1,0,0,0,0,1,1,0,0,0,0,0,0,0,0,0,1,1,1,1,1,0,1,0,0,1,0,0,1,0,1,0,0,1,0,0,1,1,0,1,1,0,1,0,0,0,0,0,0,0,0,0,0,0,0,0,0,0,0,0,0,0,0,0,0,0,0,0,5,4,4,4,1,4,4,5,1,1,4,1,5,5,2,3,2,4,1,1,0,1,1,0,0
39.0,3,0,5,1,1,1,0.0,1.0,0,0.0,1.0,0.0,,1,1,1,1,0,1,1,0,1,0,1,0,0,0,0,1,0,0,0,1,0,0,0,0,1,0,0,0,1,1,1,1,0,1,0,1,1,1,0,0,0,1,0,0,1,0,1,0,1,1,1,0,0,0,0,0,0,0,0,0,0,0,0,0,0,0,0,0,5,4,5,5,1,5,5,4,1,2,3,1,5,1,3,4,1,1,4,1,1,1,0,0,1
51.0,1,1,5,1,1,1,1.0,,0,0.0,,,0.0,1,0,1,0,0,1,1,1,1,0,0,1,0,0,0,1,0,0,1,1,1,1,1,0,0,1,0,0,0,1,0,1,0,1,1,1,0,0,0,0,0,1,1,1,1,1,1,0,1,1,0,0,0,0,0,0,0,0,0,0,0,0,0,0,0,0,0,0,4,5,4,5,4,5,2,4,1,1,5,4,4,3,3,5,1,5,5,0,0,1,0,0,0
36.0,3,0,5,1,1,1,1.0,,0,1.0,0.0,0.0,0.0,1,1,0,0,0,1,1,1,0,0,0,0,1,0,0,1,1,0,0,0,0,0,0,0,0,0,0,0,0,0,0,0,0,1,1,0,0,0,0,1,0,0,1,1,1,1,1,1,1,1,1,0,0,0,0,0,0,0,0,0,0,0,0,0,0,0,0,0,5,4,1,4,4,4,4,4,3,2,4,5,3,4,5,5,4,5,1,1,1,1,1,0,0
71.0,0,1,0,1,1,0,1.0,0.0,1,1.0,0.0,1.0,0.0,1,0,1,1,1,1,0,1,0,0,0,0,0,0,0,1,1,0,0,1,1,1,0,0,0,1,0,0,1,1,0,1,0,0,0,0,0,0,0,0,0,0,0,0,0,0,0,0,0,0,0,0,0,0,0,0,0,0,0,0,0,0,0,0,0,0,0,0,5,4,2,5,4,5,5,4,1,1,2,5,4,3,3,3,2,5,2,0,0,1,0,0,0
43.0,3,1,2,0,1,1,,0.0,0,0.0,0.0,0.0,0.0,0,0,0,0,0,0,0,0,0,0,0,0,0,0,0,1,0,0,0,0,0,0,0,0,0,0,0,0,0,0,0,0,0,0,0,0,0,0,0,0,1,0,1,1,0,0,1,1,1,0,0,0,0,0,0,0,0,0,0,0,0,0,0,0,0,0,0,0,5,4,4,4,2,5,1,3,1,1,5,5,3,5,1,4,4,1,5,1,0,0,0,0,0
56.0,1,1,5,1,1,1,1.0,1.0,1,,0.0,0.0,1.0,0,0,0,0,0,1,1,1,0,0,1,0,1,0,0,1,0,0,1,1,1,1,0,0,0,1,0,0,1,1,0,1,1,1,1,1,1,1,0,1,0,1,1,1,1,1,1,1,1,1,0,0,0,0,0,0,0,0,0,0,0,0,0,0,0,0,0,0,4,4,5,5,2,5,5,4,1,1,4,3,5,2,2,4,2,5,3,0,0,1,0,0,0
18.0,2,0,1,1,1,1,0.0,,0,0.0,1.0,0.0,0.0,0,0,0,1,1,1,1,1,0,1,1,0,0,0,0,1,0,1,0,1,1,0,0,0,0,0,1,0,1,0,0,0,0,0,0,0,0,0,0,0,1,0,1,1,1,1,1,1,1,1,1,0,0,0,0,0,0,0,0,0,0,0,0,0,0,0,0,0,1,4,4,4,5,5,5,2,1,1,5,4,4,3,4,4,2,3,5,1,1,1,0,0,0
66.0,0,1,1,1,1,0,1.0,0.0,0,1.0,0.0,0.0,,0,0,0,0,1,1,1,1,1,0,1,0,0,1,0,1,1,1,1,0,0,0,0,0,0,0,0,0,0,0,0,0,0,0,0,0,0,0,0,0,1,0,0,0,0,0,0,0,0,0,0,0,0,0,0,0,0,0,0,0,0,0,0,0,0,0,0,0,5,4,5,5,5,1,4,3,1,2,3,1,5,4,3,4,2,3,3,1,1,1,0,0,0
64.0,0,0,3,1,1,1,1.0,0.0,0,1.0,0.0,0.0,0.0,1,0,1,1,1,1,1,1,1,1,1,0,0,0,0,1,1,1,0,1,1,0,0,0,0,1,0,0,1,1,1,1,1,0,0,0,0,0,0,0,0,0,1,1,1,1,1,0,0,0,1,0,0,0,0,0,0,0,0,0,0,0,0,0,0,0,0,0,5,2,5,3,4,4,5,2,4,2,2,5,4,2,4,1,5,4,5,1,1,1,0,0,0
28.0,2,1,5,1,1,1,0.0,1.0,1,1.0,1.0,0.0,0.0,0,1,1,0,1,1,0,1,0,0,0,0,0,0,0,1,0,0,1,0,0,0,0,0,0,0,0,0,0,0,0,0,0,1,1,0,0,0,1,0,1,1,1,1,0,0,1,0,0,0,1,0,0,0,0,0,0,0,0,0,0,0,0,0,0,0,0,0,5,4,5,4,4,3,4,5,1,1,4,4,5,5,2,5,5,5,5,0,0,1,0,0,1
46.0,1,1,5,0,1,1,0.0,0.0,0,0.0,0.0,0.0,0.0,0,0,0,0,0,0,0,0,0,0,0,0,0,0,0,0,0,0,0,0,0,0,0,0,0,0,0,0,0,0,0,0,0,0,0,0,0,0,0,0,1,1,0,1,1,1,1,1,1,0,1,0,0,0,0,0,0,0,0,0,0,0,0,0,0,0,0,0,5,5,4,5,4,5,4,3,2,1,1,5,5,2,5,5,4,3,2,0,0,0,0,0,0
70.0,0,1,5,1,1,1,0.0,0.0,1,1.0,1.0,0.0,0.0,1,0,0,0,1,1,1,1,1,0,0,0,0,0,1,1,1,1,0,0,0,0,0,0,0,0,0,0,0,0,0,0,0,1,1,1,1,1,0,0,0,1,0,0,0,0,1,1,1,1,0,1,1,0,0,0,0,0,1,1,0,0,0,0,1,0,0,1,5,1,5,4,4,2,4,5,4,3,5,5,5,5,1,4,4,4,2,1,1,1,0,0,0
51.0,1,1,5,1,1,1,1.0,1.0,1,1.0,0.0,0.0,0.0,0,1,0,0,1,1,1,0,1,0,1,0,0,0,0,1,0,1,1,0,0,0,0,0,0,0,0,0,0,0,0,0,0,1,1,0,0,0,1,0,1,0,1,1,1,1,1,1,0,1,1,1,0,0,0,0,0,0,0,0,0,0,0,0,0,0,0,0,5,5,5,5,1,2,3,4,1,3,4,4,4,4,4,3,3,2,4,1,0,0,1,0,0
42.0,3,0,5,1,1,1,0.0,1.0,0,,1.0,0.0,0.0,0,0,1,1,0,1,1,0,1,0,1,0,1,1,0,1,1,0,0,1,0,0,0,0,0,0,0,1,0,1,1,1,1,1,1,0,1,0,1,0,1,0,1,1,1,1,1,1,0,0,0,0,0,0,0,0,0,0,0,0,0,0,0,0,0,0,0,0,5,4,4,3,4,4,1,5,4,2,1,5,1,1,3,4,2,1,2,0,0,1,0,0,0
55.0,1,0,5,1,1,0,1.0,0.0,0,1.0,0.0,0.0,0.0,1,0,1,0,1,1,1,0,1,0,0,0,0,0,0,1,0,0,1,1,0,1,0,0,1,0,0,0,1,1,1,1,0,0,0,0,0,0,0,0,1,0,0,0,0,0,0,0,0,0,0,0,0,0,0,0,0,0,0,0,0,0,0,0,0,0,0,0,2,5,4,4,4,4,5,5,1,1,4,5,2,4,2,4,3,1,5,1,1,1,0,0,0
75.0,0,0,5,0,1,0,,,0,,0.0,0.0,0.0,0,0,0,0,0,0,0,0,0,0,0,0,0,0,0,0,0,0,0,0,0,0,0,0,0,0,0,0,0,0,0,0,0,0,0,0,0,0,0,0,1,0,0,0,0,0,0,0,0,0,0,0,0,0,0,0,0,0,0,0,0,0,0,0,0,0,0,0,5,5,4,5,4,4,5,5,1,1,5,5,3,4,4,1,3,2,5,0,0,0,0,0,0
49.0,1,1,1,1,1,1,1.0,0.0,0,1.0,0.0,0.0,0.0,0,1,0,0,0,1,1,0,1,0,1,0,0,0,0,0,1,0,0,0,0,0,0,0,0,0,0,0,0,0,0,0,0,1,1,1,1,0,1,1,0,1,1,1,1,1,1,1,0,0,0,0,0,0,0,0,0,0,0,0,0,0,0,0,0,0,0,0,5,4,1,5,5,1,4,4,2,2,1,4,5,2,1,4,2,5,4,1,0,1,0,0,0
66.0,0,0,2,1,1,1,1.0,1.0,1,,1.0,0.0,0.0,1,1,1,0,0,1,1,1,1,0,0,0,0,0,1,1,0,1,1,1,1,0,0,0,0,1,0,0,1,0,0,1,0,0,0,0,0,0,0,0,1,1,1,1,1,1,1,1,1,1,1,1,0,0,0,0,0,0,0,0,0,0,0,0,0,0,0,0,1,5,1,3,4,5,5,5,2,5,4,5,1,4,5,5,5,4,1,0,0,1,0,0,0
48.0,1,0,5,0,1,1,0.0,0.0,0,0.0,0.0,0.0,0.0,0,0,0,0,0,0,0,0,0,0,0,0,0,0,0,0,0,0,0,0,0,0,0,0,0,0,0,0,0,0,0,0,0,0,0,0,0,0,0,0,1,1,0,1,1,1,1,1,1,1,0,1,0,0,0,0,0,0,0,0,0,0,0,0,0,0,0,0,5,4,4,5,5,4,5,4,1,2,1,3,4,1,5,5,1,3,3,0,0,0,0,0,0
55.0,1,0,5,1,1,0,0.0,1.0,0,1.0,1.0,,,0,0,0,0,0,1,1,1,1,1,0,0,1,0,1,0,0,0,0,1,0,1,0,0,0,0,0,1,1,1,1,1,1,0,0,0,0,0,0,0,1,1,0,0,0,0,0,0,0,0,0,0,0,0,0,0,0,0,0,0,0,0,0,0,0,0,0,0,4,4,4,4,5,5,4,4,4,1,4,4,5,4,5,2,3,4,3,1,0,1,0,0,0
48.0,1,1,5,0,1,0,0.0,,0,0.0,0.0,0.0,0.0,0,0,0,0,0,0,0,0,0,0,0,0,0,0,0,1,0,0,0,0,0,0,0,0,0,0,0,0,0,0,0,0,0,0,0,0,0,0,0,0,1,0,0,0,0,0,0,0,0,0,0,0,0,0,0,0,0,0,0,0,0,0,0,0,0,0,0,0,5,5,4,4,4,4,5,4,5,2,4,2,3,3,4,5,3,5,5,0,0,0,0,0,0
29.0,3,1,5,1,1,1,0.0,,0,1.0,1.0,0.0,0.0,1,1,1,0,1,1,1,1,0,0,0,1,0,0,0,1,0,0,0,1,0,1,0,0,1,0,0,0,1,1,1,1,0,1,1,1,1,0,0,1,1,1,1,1,0,0,1,1,0,1,0,0,0,0,0,0,0,0,0,0,0,0,0,0,0,0,0,0,4,4,5,4,3,4,5,5,2,2,5,4,5,4,5,5,4,4,5,1,0,1,0,0,0
38.0,3,0,5,0,1,1,0.0,0.0,0,0.0,,0.0,0.0,0,0,0,0,0,0,0,0,0,0,0,0,0,0,0,0,0,0,0,0,0,0,0,0,0,0,0,0,0,0,0,0,0,0,0,0,0,0,0,0,1,1,1,1,0,0,1,1,1,0,1,0,0,0,0,0,0,0,0,0,0,0,0,0,0,0,0,0,5,4,4,5,2,3,1,3,1,2,2,4,4,1,1,2,5,5,1,0,0,0,0,0,0
54.0,1,1,5,1,1,1,1.0,0.0,0,,0.0,0.0,1.0,0,0,0,0,1,1,1,1,0,0,0,0,0,0,0,0,1,1,0,1,0,1,0,1,0,0,1,0,0,0,1,0,0,1,1,1,0,0,0,1,0,1,1,0,1,1,1,1,1,1,0,1,1,0,1,0,0,0,0,1,0,0,0,0,0,0,0,0,4,5,5,4,5,4,4,5,2,1,5,5,1,4,2,2,2,2,2,1,1,1,1,0,0
88.0,4,2,5,0,1,1,0.0,0.0,0,0.0,0.0,,0.0,0,0,0,0,0,0,0,0,0,0,0,0,0,0,0,1,0,0,0,0,0,0,0,0,0,0,0,0,0,0,0,0,0,0,0,0,0,0,0,0,1,1,1,1,0,0,1,0,0,0,0,0,1,0,0,0,0,0,1,1,0,0,1,1,0,1,0,0,2,5,5,2,2,5,3,5,2,2,4,4,4,4,4,3,4,1,5,0,0,0,0,0,0
28.0,2,0,5,0,1,1,0.0,0.0,0,0.0,0.0,0.0,0.0,0,0,0,0,0,0,0,0,0,0,0,0,0,0,0,1,0,0,0,0,0,0,0,0,0,0,0,0,0,0,0,0,0,0,0,0,0,0,0,0,1,0,1,1,1,1,0,0,0,0,0,0,0,0,0,0,0,0,0,0,0,0,0,0,0,0,0,0,5,5,3,5,2,5,5,4,1,1,5,4,1,4,2,5,2,2,5,1,0,0,0,0,0
28.0,2,0,5,0,1,1,0.0,0.0,0,0.0,0.0,0.0,0.0,0,0,0,0,0,0,0,0,0,0,0,0,0,0,0,1,0,0,0,0,0,0,0,0,0,0,0,0,0,0,0,0,0,0,0,0,0,0,0,0,1,0,1,1,1,1,0,0,0,0,0,0,0,0,0,0,0,0,0,0,0,0,0,0,0,0,0,0,5,5,3,5,2,5,5,4,1,1,5,4,1,4,2,5,2,2,5,1,0,0,0,0,0
65.0,0,2,5,1,1,1,0.0,0.0,1,1.0,0.0,1.0,0.0,1,1,0,0,0,1,1,1,0,1,0,0,0,0,0,0,0,0,0,1,1,0,0,0,0,1,0,0,1,0,1,0,1,1,0,0,0,0,1,1,1,1,1,1,1,1,1,1,0,1,1,0,0,0,0,0,0,0,0,0,0,0,0,0,0,0,0,0,4,5,5,5,5,4,4,2,2,2,4,3,2,3,4,3,1,2,1,1,1,1,0,1,0
78.0,0,1,2,1,1,0,0.0,1.0,1,1.0,0.0,0.0,0.0,1,0,0,0,1,1,0,0,0,0,0,0,0,0,0,1,0,1,0,0,0,0,0,0,0,0,0,0,0,0,0,0,0,0,0,0,0,0,0,0,0,0,0,0,0,0,0,0,0,0,0,0,0,0,0,0,0,0,0,0,0,0,0,0,0,0,0,0,4,5,4,4,5,5,4,5,2,3,5,4,4,4,4,5,5,5,3,0,0,1,0,1,0
40.0,3,1,5,1,1,1,0.0,0.0,1,1.0,1.0,1.0,0.0,0,0,0,0,0,1,1,0,0,0,0,1,0,0,1,1,0,0,0,0,0,0,0,0,0,0,0,0,0,0,0,0,0,1,1,0,0,0,0,0,1,1,1,1,1,1,0,0,0,0,0,0,0,0,0,0,0,0,0,0,0,0,0,0,0,0,0,0,5,4,4,5,4,3,1,2,1,4,5,2,5,4,2,5,2,4,5,0,0,1,0,0,0
71.0,0,1,,1,1,0,1.0,1.0,0,1.0,1.0,0.0,0.0,1,0,0,0,1,1,1,1,0,0,0,0,0,0,0,0,1,0,0,0,0,0,0,0,0,0,0,0,0,0,0,0,0,0,0,0,0,0,0,0,1,1,0,0,0,0,0,0,0,0,0,0,0,0,0,0,0,0,0,0,0,0,0,0,0,0,0,0,1,5,4,4,5,5,5,3,2,2,5,5,3,5,4,5,5,1,2,0,0,1,0,0,0
64.0,0,0,2,0,1,0,0.0,0.0,0,0.0,0.0,0.0,0.0,0,0,0,0,0,0,0,0,0,0,0,0,0,0,0,1,0,0,0,0,0,0,0,0,0,0,0,0,0,0,0,0,0,0,0,0,0,0,0,0,1,1,0,0,0,0,0,0,0,0,0,0,0,0,0,0,0,0,0,0,0,0,0,0,0,0,0,0,4,3,5,5,4,2,4,2,2,1,3,4,5,3,1,5,1,5,4,0,0,0,0,0,0
66.0,0,0,,1,1,0,0.0,0.0,1,1.0,1.0,0.0,0.0,1,0,0,0,1,1,0,1,0,0,0,0,0,0,0,1,1,1,1,1,0,1,1,0,0,0,0,1,0,1,0,1,1,0,0,0,0,0,0,0,1,1,0,0,0,0,0,0,0,0,0,0,0,0,0,0,0,0,0,0,0,0,0,0,0,0,0,0,4,1,4,3,2,3,5,5,4,1,5,3,3,4,1,2,1,2,5,1,1,1,0,0,0
26.0,2,1,3,1,1,0,0.0,0.0,0,0.0,0.0,0.0,0.0,0,1,0,0,0,1,1,1,1,1,0,0,0,0,0,1,0,0,0,1,0,0,1,0,0,1,0,0,1,0,0,0,1,0,0,0,0,0,0,0,1,0,0,0,0,0,0,0,0,0,0,0,0,0,0,0,0,0,0,0,0,0,0,0,0,0,0,0,5,5,5,5,1,5,4,4,4,2,4,3,5,5,2,3,3,5,5,1,0,1,1,0,1
54.0,1,0,5,1,1,1,1.0,1.0,0,1.0,1.0,0.0,0.0,1,1,0,1,1,1,1,0,1,0,0,1,1,0,0,1,1,1,1,0,0,0,0,0,0,0,0,0,0,0,0,0,0,1,0,1,0,0,1,0,0,1,1,1,0,0,1,0,1,1,1,0,0,0,0,0,0,0,0,0,0,0,0,0,0,0,0,0,5,5,2,5,4,3,1,5,2,2,4,5,4,1,5,4,5,2,1,1,1,1,0,0,0
,0,0,5,1,1,0,1.0,1.0,1,1.0,1.0,0.0,0.0,1,1,0,0,0,1,1,1,0,0,0,1,0,0,0,1,1,1,1,1,0,0,1,1,0,1,0,0,0,1,0,0,0,0,0,0,0,0,0,0,0,1,0,0,0,0,0,0,0,0,0,0,0,0,0,0,0,0,0,0,0,0,0,0,0,0,0,0,3,5,5,5,4,5,5,2,1,1,4,2,5,4,1,1,5,4,3,1,1,1,0,0,0
42.0,3,0,2,1,1,1,,1.0,1,0.0,1.0,0.0,0.0,0,1,1,0,1,1,1,0,0,0,0,0,0,0,0,1,1,0,1,1,1,1,0,0,0,0,0,1,1,1,1,0,0,1,0,1,0,1,0,0,1,0,1,0,0,0,0,0,0,0,0,0,0,0,0,0,0,0,0,0,0,0,0,0,0,0,0,0,1,5,4,3,4,4,4,5,1,2,4,4,2,3,5,4,4,4,5,1,0,1,0,0,0
25.0,2,1,2,1,1,1,1.0,1.0,0,1.0,0.0,1.0,0.0,1,0,1,1,1,1,1,1,0,1,0,1,0,0,1,1,1,0,0,1,1,1,0,1,1,0,0,0,1,1,0,1,0,0,0,0,0,0,0,0,0,0,1,1,1,1,1,0,1,0,0,0,0,0,0,0,0,0,0,0,0,0,0,0,0,0,0,0,5,5,5,3,3,3,3,5,1,1,4,5,4,4,4,2,4,4,3,0,0,1,0,0,0
48.0,1,0,5,1,1,1,1.0,1.0,0,1.0,,0.0,0.0,1,1,0,0,0,1,1,0,0,1,1,1,0,0,0,1,0,1,1,1,1,0,0,0,1,0,0,0,1,1,1,0,0,0,0,0,0,0,0,0,0,1,1,0,1,1,1,1,1,0,0,1,0,0,0,0,0,0,0,0,0,0,0,0,0,0,0,0,4,5,5,5,4,4,5,5,5,2,4,5,2,1,5,5,4,5,5,0,0,1,0,0,0
22.0,2,0,5,1,1,1,0.0,1.0,0,1.0,1.0,1.0,0.0,1,0,1,0,0,1,1,0,1,0,0,0,0,0,0,0,0,1,1,1,1,1,0,0,0,0,0,1,0,1,1,0,0,0,0,0,0,0,0,0,0,1,1,1,1,1,1,1,1,0,0,0,0,0,0,0,0,0,0,0,0,0,0,0,0,0,0,0,4,5,4,5,4,1,5,5,4,5,3,5,2,4,3,4,4,4,4,0,0,1,0,1,1
35.0,3,0,5,0,1,1,0.0,0.0,0,0.0,0.0,0.0,0.0,0,0,0,0,0,0,0,0,0,0,0,0,0,0,0,1,0,0,0,0,0,0,0,0,0,0,0,0,0,0,0,0,0,0,0,0,0,0,0,0,0,1,1,1,0,0,1,0,0,0,1,1,0,0,0,0,0,0,0,0,0,0,0,0,0,0,0,0,4,1,5,5,2,4,5,5,2,1,1,1,2,2,5,4,2,3,4,1,0,0,0,0,0
46.0,1,0,5,1,1,1,1.0,1.0,0,1.0,1.0,0.0,0.0,1,0,0,0,1,1,1,1,0,0,0,1,1,0,0,1,1,1,0,1,0,0,0,0,0,1,0,0,1,0,1,0,1,1,0,1,0,1,1,0,0,1,1,1,0,0,1,0,0,1,0,0,0,0,0,0,0,0,0,0,0,0,0,0,0,0,0,0,1,5,4,4,4,4,4,3,2,2,4,2,5,3,4,3,4,5,4,0,0,1,1,1,0
30.0,3,1,5,1,1,1,1.0,1.0,0,,0.0,1.0,1.0,1,1,1,0,0,1,1,1,0,1,1,0,0,0,0,1,0,0,1,1,1,0,1,0,0,1,0,0,1,0,0,0,1,1,1,1,0,0,0,0,1,1,1,1,1,0,1,1,1,1,0,1,1,0,0,0,1,0,1,0,1,0,1,1,0,1,0,0,4,5,5,4,4,3,5,3,2,5,5,4,5,5,4,1,4,2,5,1,1,1,0,0,1
49.0,1,1,2,1,1,0,1.0,1.0,1,1.0,,0.0,0.0,1,0,0,0,1,1,1,0,1,0,0,1,0,0,0,1,0,0,0,1,1,1,0,1,0,0,0,1,1,1,1,0,0,0,0,0,0,0,0,0,1,1,0,0,0,0,0,0,0,0,0,0,0,0,0,0,0,0,0,0,0,0,0,0,0,0,0,0,1,5,4,5,3,2,4,4,1,1,5,2,4,3,1,3,5,5,1,1,1,1,0,0,0
28.0,2,0,5,0,1,1,0.0,0.0,0,0.0,0.0,0.0,0.0,0,0,0,0,0,0,0,0,0,0,0,0,0,0,0,1,0,0,0,0,0,0,0,0,0,0,0,0,0,0,0,0,0,0,0,0,0,0,0,0,0,0,1,1,0,0,1,1,1,1,0,0,0,0,0,0,0,0,0,0,0,0,0,0,0,0,0,0,4,5,4,4,5,5,1,5,1,1,4,5,4,5,4,3,5,3,4,0,0,0,0,0,0
54.0,1,1,,1,1,1,0.0,0.0,0,1.0,0.0,1.0,0.0,0,1,0,0,0,1,1,0,0,1,1,0,1,0,0,1,0,0,0,1,1,1,0,1,0,1,0,0,0,1,1,1,0,0,0,0,0,0,0,0,1,1,0,1,0,0,1,1,1,1,1,1,0,0,0,0,0,0,0,0,0,0,0,0,0,0,0,0,5,4,5,4,3,4,1,4,2,2,5,5,4,1,3,4,3,1,4,1,1,1,1,0,1
20.0,2,1,5,1,1,1,0.0,0.0,0,0.0,0.0,0.0,0.0,0,1,0,0,0,1,0,0,0,0,0,0,0,0,0,1,0,0,0,1,1,1,0,1,0,1,0,0,1,1,0,1,0,1,1,1,0,1,1,0,1,0,1,1,0,0,1,1,0,0,1,0,0,0,0,0,0,0,0,0,0,0,0,0,0,0,0,0,5,5,5,1,3,5,4,3,2,1,5,5,5,3,1,5,1,2,5,1,0,0,0,1,1
48.0,1,1,2,0,1,1,0.0,0.0,0,0.0,0.0,,0.0,0,0,0,0,0,0,0,0,0,0,0,0,0,0,0,1,0,0,0,0,0,0,0,0,0,0,0,0,0,0,0,0,0,0,0,0,0,0,0,0,1,1,1,1,0,0,1,1,0,0,0,0,0,0,0,0,0,0,0,0,0,0,0,0,0,0,0,0,4,2,4,3,4,4,5,5,1,5,4,1,2,4,1,4,5,5,4,0,0,0,0,0,0
42.0,3,0,2,1,1,1,0.0,1.0,0,1.0,,,0.0,1,1,1,1,1,1,1,0,1,0,0,0,0,0,0,0,1,1,0,0,0,0,0,0,0,0,0,0,0,0,0,0,0,1,1,0,1,0,0,1,0,1,1,0,1,1,1,1,1,1,1,0,1,0,1,1,0,0,0,0,0,0,0,0,0,0,0,0,5,4,4,5,4,5,4,5,2,2,4,4,4,5,5,5,4,4,3,0,0,1,0,0,0
44.0,3,1,0,1,1,1,0.0,1.0,0,1.0,1.0,0.0,0.0,1,0,1,0,0,1,1,1,0,1,0,0,0,0,0,1,0,0,0,1,1,0,0,0,1,0,0,0,1,1,0,1,0,1,1,0,0,0,0,0,0,1,1,1,1,1,1,0,1,1,0,1,0,0,0,0,0,0,0,0,0,0,0,0,0,0,0,0,4,3,5,1,5,5,5,5,2,1,4,5,5,3,3,1,5,1,3,0,0,1,0,0,0
79.0,0,1,5,1,1,0,0.0,1.0,0,1.0,0.0,1.0,0.0,1,0,0,1,0,1,1,1,1,0,1,0,0,0,0,1,0,0,1,0,0,0,0,0,0,0,0,0,0,0,0,0,0,0,0,0,0,0,0,0,0,1,0,0,0,0,0,0,0,0,0,0,0,0,0,0,0,0,0,0,0,0,0,0,0,0,0,0,4,4,5,5,5,4,4,3,1,1,2,3,5,4,2,5,1,4,4,0,0,1,1,0,0
74.0,0,1,,1,1,0,1.0,0.0,0,1.0,1.0,0.0,0.0,0,0,0,0,0,1,1,1,1,0,0,0,0,0,0,1,0,0,1,1,0,0,0,0,1,0,0,0,1,1,0,1,0,0,0,0,0,0,0,0,1,0,0,0,0,0,0,0,0,0,0,0,0,0,0,0,0,0,0,0,0,0,0,0,0,0,0,0,5,4,5,4,5,4,3,5,2,2,4,4,5,5,2,5,4,4,5,1,1,1,0,0,0
44.0,3,,1,1,1,1,0.0,1.0,0,1.0,,1.0,0.0,0,1,0,0,0,0,1,0,1,0,1,0,0,0,0,1,1,0,0,0,0,0,0,0,0,0,0,0,0,0,0,0,0,1,0,1,0,0,0,1,1,1,1,0,1,1,1,1,1,1,1,0,0,0,0,0,0,0,0,0,0,0,0,0,0,0,0,0,4,4,4,1,5,4,3,3,2,3,3,3,5,5,4,3,3,3,4,0,0,1,1,1,1
26.0,2,0,5,1,1,1,1.0,1.0,0,1.0,0.0,1.0,0.0,0,1,0,0,0,1,1,0,0,0,1,1,0,0,0,0,1,1,0,0,0,0,0,0,0,0,0,0,0,0,0,0,0,1,0,0,0,0,1,0,0,1,1,1,1,1,0,0,0,0,0,0,0,0,0,0,0,0,0,0,0,0,0,0,0,0,0,0,3,2,4,1,4,5,4,5,2,2,2,5,5,5,1,5,5,5,5,1,1,1,0,0,0
20.0,2,0,2,1,1,0,0.0,1.0,0,1.0,0.0,0.0,0.0,1,0,1,1,1,1,1,0,1,0,1,1,0,0,0,1,1,1,1,1,1,0,0,0,1,0,0,0,0,1,0,1,0,0,0,0,0,0,0,0,1,0,0,0,0,0,0,0,0,0,0,0,0,0,0,0,0,0,0,0,0,0,0,0,0,0,0,0,5,5,2,2,4,5,5,5,1,2,5,4,5,2,1,3,5,3,3,1,1,1,0,0,0
38.0,3,0,5,1,1,1,1.0,0.0,0,1.0,0.0,1.0,0.0,1,1,0,0,0,1,0,1,0,0,0,0,0,0,0,0,1,1,1,1,0,0,0,0,0,1,0,0,1,0,0,0,1,1,1,1,0,0,0,0,1,0,1,1,0,0,1,0,1,0,1,1,1,0,0,0,0,0,0,0,0,0,0,0,0,0,0,0,4,5,5,4,4,4,5,5,2,1,3,3,5,4,4,4,5,3,1,0,0,0,0,0,0
40.0,3,0,2,1,1,1,1.0,1.0,1,1.0,1.0,,0.0,0,1,0,0,0,1,0,0,0,0,0,0,0,0,0,1,1,1,0,1,1,1,0,0,1,0,0,0,1,0,0,1,0,1,1,0,1,0,1,0,0,1,1,1,1,0,1,1,1,1,1,0,1,0,0,1,1,0,1,1,0,1,0,0,0,0,0,1,5,5,4,5,4,4,4,1,2,1,5,4,1,2,4,4,3,5,3,0,0,1,1,0,0
,0,1,5,1,1,1,0.0,0.0,0,,1.0,0.0,0.0,1,0,1,0,1,1,1,0,1,1,1,0,0,0,0,1,0,0,1,1,1,1,1,1,0,1,0,0,0,1,0,0,1,1,1,0,1,1,1,0,1,1,1,1,1,1,1,1,1,1,1,1,0,0,0,0,0,0,0,0,0,0,0,0,0,0,0,0,1,3,4,2,5,5,4,5,2,2,5,5,2,5,1,3,2,4,4,0,0,0,0,0,0
47.0,1,0,2,1,1,1,1.0,1.0,0,1.0,1.0,0.0,0.0,1,1,0,0,0,0,1,1,1,0,0,0,0,0,1,1,0,0,0,0,0,0,0,0,0,0,0,0,0,0,0,0,0,0,0,0,0,0,0,0,1,0,1,1,1,1,0,0,0,0,0,0,0,0,0,0,0,0,0,0,0,0,0,0,0,0,0,0,4,4,5,1,1,2,5,4,2,5,1,3,4,4,3,2,5,5,2,1,1,1,0,0,1
38.0,3,1,0,1,1,1,0.0,1.0,0,1.0,,1.0,1.0,0,1,1,0,0,0,1,1,1,1,0,0,1,1,0,1,0,0,0,0,0,0,0,0,0,0,0,0,0,0,0,0,0,0,0,0,0,0,0,0,1,0,1,1,1,1,1,1,1,0,1,1,0,0,0,0,0,0,0,0,0,0,0,0,0,0,0,0,5,4,1,4,1,2,2,1,5,5,1,3,5,5,3,3,4,3,3,0,0,1,1,0,1
36.0,3,0,2,1,1,1,1.0,1.0,1,1.0,0.0,1.0,0.0,1,0,0,1,0,1,0,0,0,0,0,0,0,0,0,1,1,0,1,0,0,0,0,0,0,0,0,0,0,0,0,0,0,1,0,0,1,0,1,0,0,0,1,1,1,1,0,0,0,0,0,0,0,0,0,0,0,0,0,0,0,0,0,0,0,0,0,0,5,4,5,4,5,5,4,5,2,1,3,4,3,3,5,2,1,4,4,1,0,1,0,1,0
43.0,3,0,5,1,1,1,,1.0,0,0.0,0.0,0.0,0.0,1,0,1,0,0,1,1,0,0,1,0,0,0,0,1,1,1,0,1,1,0,1,0,0,0,0,1,0,1,0,1,0,0,1,0,0,0,0,0,0,0,1,1,1,1,1,1,1,1,0,1,1,1,0,0,0,0,0,0,0,0,0,0,0,0,0,0,0,5,2,1,2,5,5,5,2,1,1,4,4,4,5,4,4,1,5,1,1,0,1,0,1,0
52.0,1,0,5,0,1,0,0.0,0.0,0,0.0,0.0,0.0,0.0,0,0,0,0,0,0,0,0,0,0,0,0,0,0,0,1,0,0,0,0,0,0,0,0,0,0,0,0,0,0,0,0,0,0,0,0,0,0,0,0,0,0,0,0,0,0,0,0,0,0,0,0,0,0,0,0,0,0,0,0,0,0,0,0,0,0,0,0,4,5,4,2,4,4,4,5,2,1,4,5,5,3,4,1,5,5,5,1,0,0,0,0,0
67.0,0,1,5,1,1,1,1.0,1.0,1,1.0,1.0,0.0,0.0,0,0,0,0,0,1,1,1,1,1,0,1,0,1,0,1,0,1,0,1,0,0,1,0,1,0,0,0,1,1,0,0,0,1,1,0,1,1,0,1,0,1,1,0,0,0,1,1,1,1,0,1,0,0,0,0,0,0,0,0,0,0,0,0,0,0,0,0,5,5,4,4,4,5,4,2,1,2,2,5,5,4,3,1,4,2,3,1,0,0,0,0,1
37.0,3,0,5,1,1,1,1.0,0.0,0,1.0,1.0,0.0,0.0,1,0,1,0,1,1,1,1,1,0,0,1,0,0,0,1,1,0,1,1,1,0,0,1,0,0,1,0,1,1,1,1,1,1,0,0,0,0,1,0,1,1,1,0,0,0,1,1,1,1,0,1,0,0,0,0,0,0,0,0,0,0,0,0,0,0,0,0,5,4,1,4,4,5,3,1,1,2,4,1,1,4,1,1,3,4,5,1,1,1,0,0,0
53.0,1,,,1,1,1,0.0,1.0,0,1.0,1.0,1.0,0.0,0,1,0,0,0,1,0,0,0,0,0,0,0,0,0,1,1,0,0,0,0,0,0,0,0,0,0,0,0,0,0,0,0,1,0,1,1,1,0,0,1,1,1,1,0,0,0,0,0,0,0,0,0,0,0,0,0,0,0,0,0,0,0,0,0,0,0,0,3,4,4,3,4,4,3,5,2,2,5,4,5,1,3,5,3,3,4,0,0,1,0,0,0
51.0,1,1,5,1,1,0,1.0,0.0,1,1.0,0.0,1.0,0.0,1,0,0,0,0,1,0,0,0,0,0,0,0,0,0,1,1,0,1,1,1,0,0,0,0,0,1,0,1,1,1,0,0,0,0,0,0,0,0,0,1,0,0,0,0,0,0,0,0,0,0,0,0,0,0,0,0,0,0,0,0,0,0,0,0,0,0,0,2,4,4,3,5,5,3,2,1,1,5,4,5,3,5,3,3,5,4,0,0,1,0,0,0
46.0,1,1,2,0,1,1,0.0,0.0,0,0.0,,0.0,0.0,0,0,0,0,0,0,0,0,0,0,0,0,0,0,0,1,0,0,0,0,0,0,0,0,0,0,0,0,0,0,0,0,0,0,0,0,0,0,0,0,1,1,1,1,0,0,1,1,1,1,1,1,0,0,0,0,0,0,0,0,0,0,0,0,0,0,0,0,4,5,5,5,3,5,1,4,3,1,4,4,4,5,5,1,4,5,4,1,0,0,0,0,0
37.0,3,0,5,1,1,0,0.0,1.0,0,1.0,0.0,0.0,0.0,1,1,1,0,0,1,1,1,1,1,1,0,0,0,0,0,0,0,1,1,1,0,0,1,0,1,0,0,1,1,0,0,1,0,0,0,0,0,0,0,1,1,0,0,0,0,0,0,0,0,0,0,0,0,0,0,0,0,0,0,0,0,0,0,0,0,0,0,4,4,3,5,5,3,4,5,1,3,5,4,5,4,4,4,5,4,5,1,1,1,0,1,0
40.0,3,0,1,1,1,1,1.0,0.0,0,,1.0,1.0,1.0,1,1,1,0,0,0,1,1,0,0,0,0,0,0,0,1,0,0,0,0,0,0,0,0,0,0,0,0,0,0,0,0,0,1,0,1,1,0,1,0,1,1,0,1,0,0,1,1,0,0,0,0,1,0,0,0,1,1,0,0,0,0,0,0,0,0,0,0,4,4,3,4,4,4,2,5,2,4,2,1,4,2,2,3,5,5,2,1,1,1,0,0,0
44.0,3,0,2,1,1,1,1.0,0.0,0,1.0,0.0,0.0,0.0,0,0,0,1,0,1,0,1,0,0,0,0,0,0,0,1,0,0,0,1,0,1,1,0,0,0,1,0,0,0,0,1,0,1,1,0,0,0,1,1,1,1,1,0,0,0,1,0,1,1,1,0,0,0,0,0,0,0,0,0,0,0,0,0,0,0,0,0,5,4,4,5,5,5,4,4,2,2,4,4,5,5,3,3,4,5,1,1,1,1,1,0,0
34.0,3,0,1,1,1,0,1.0,1.0,0,0.0,1.0,1.0,0.0,1,1,1,0,0,1,0,0,0,0,0,0,0,0,0,1,1,0,0,1,1,0,0,0,1,0,0,0,1,1,0,1,0,0,0,0,0,0,0,0,0,0,0,0,0,0,0,0,0,0,0,0,0,0,0,0,0,0,0,0,0,0,0,0,0,0,0,0,4,1,5,2,3,2,5,5,2,2,4,4,5,4,4,3,3,5,4,1,1,1,0,1,0
44.0,3,1,5,1,1,1,1.0,1.0,0,1.0,1.0,0.0,0.0,1,1,0,0,1,1,0,1,0,0,0,0,0,0,0,1,1,1,1,1,1,0,0,0,0,1,0,0,1,1,0,1,1,1,0,0,1,0,1,0,1,1,1,0,0,0,1,1,1,1,0,0,0,0,0,0,0,0,0,0,0,0,0,0,0,0,0,0,5,5,4,5,4,5,3,2,2,4,2,4,5,2,1,4,3,3,5,0,0,1,1,0,0
56.0,1,0,2,1,1,0,0.0,1.0,0,1.0,0.0,0.0,0.0,1,1,1,1,1,0,1,0,1,1,1,0,0,0,0,1,1,1,1,0,0,0,0,0,0,0,0,0,0,0,0,0,0,0,0,0,0,0,0,0,0,1,0,0,0,0,0,0,0,0,0,0,0,0,0,0,0,0,0,0,0,0,0,0,0,0,0,0,5,4,5,4,4,3,3,5,2,2,2,4,5,5,5,5,1,5,4,1,1,1,1,0,1
74.0,0,0,5,1,1,1,1.0,1.0,1,1.0,0.0,1.0,0.0,0,0,1,0,0,1,0,1,0,0,0,0,0,0,0,1,0,0,1,1,0,1,0,0,0,1,0,0,1,0,1,0,0,1,0,1,1,1,1,0,1,0,1,0,1,1,0,0,0,0,0,0,0,0,0,0,0,0,0,0,0,0,0,0,0,0,0,0,3,4,4,4,4,3,4,5,2,3,1,4,5,5,4,3,5,5,5,1,1,1,0,0,0
26.0,2,1,5,1,1,1,1.0,0.0,1,1.0,1.0,0.0,,0,0,1,1,1,1,1,1,1,0,1,0,1,0,0,1,1,0,0,0,0,0,0,0,0,0,0,0,0,0,0,0,0,1,0,1,0,1,0,1,1,1,1,1,1,1,1,1,0,1,0,0,0,0,0,0,0,0,0,0,0,0,0,0,0,0,0,0,4,5,4,3,5,1,5,4,2,1,5,5,4,4,5,4,3,2,3,1,1,1,0,0,0
,0,0,2,1,1,0,1.0,1.0,1,1.0,,1.0,0.0,1,1,0,0,1,1,1,0,0,0,0,0,0,0,0,0,1,0,0,0,0,0,0,0,0,0,0,0,0,0,0,0,0,0,0,0,0,0,0,0,1,0,0,0,0,0,0,0,0,0,0,0,0,0,0,0,0,0,0,0,0,0,0,0,0,0,0,0,2,1,4,1,5,5,5,5,5,1,5,3,5,2,5,4,5,5,2,0,0,1,1,0,1
40.0,3,1,1,1,1,1,1.0,0.0,0,1.0,0.0,0.0,0.0,1,1,0,1,0,1,1,1,1,0,0,0,0,1,0,1,0,1,1,1,1,0,0,0,0,0,0,1,1,1,0,0,0,0,0,0,0,0,0,0,0,1,0,1,1,0,1,1,0,0,1,1,0,0,0,0,0,0,0,0,0,0,0,0,0,0,0,0,1,5,1,4,3,5,4,3,2,2,5,4,5,5,4,4,5,4,5,0,0,0,0,0,0
28.0,2,,5,1,1,1,,0.0,0,1.0,1.0,0.0,0.0,1,0,0,1,0,1,0,0,0,0,0,0,0,0,0,1,0,1,0,1,1,0,0,0,1,0,0,0,0,1,0,1,0,1,1,0,1,0,0,0,0,1,1,1,1,1,0,0,0,0,0,0,0,0,0,0,0,0,0,0,0,0,0,0,0,0,0,0,5,4,4,5,5,5,5,1,1,1,5,5,5,5,4,3,3,1,1,1,1,0,0,0,1
42.0,3,0,5,1,1,1,1.0,1.0,0,0.0,,0.0,0.0,0,1,0,0,1,1,1,1,0,0,0,1,0,0,0,1,1,1,0,1,1,1,0,0,0,1,0,0,1,1,1,0,0,1,0,0,1,1,0,0,1,0,1,1,1,1,1,0,1,1,0,1,0,0,0,0,0,0,0,0,0,0,0,0,0,0,0,0,5,4,4,5,3,2,5,4,4,1,1,4,4,5,3,5,5,1,5,1,0,1,0,0,1
28.0,2,0,5,0,1,1,0.0,0.0,0,0.0,0.0,0.0,0.0,0,0,0,0,0,0,0,0,0,0,0,0,0,0,0,1,0,0,0,0,0,0,0,0,0,0,0,0,0,0,0,0,0,0,0,0,0,0,0,0,1,0,1,1,1,1,1,0,1,0,1,0,0,0,0,0,0,0,0,0,0,0,0,0,0,0,0,0,5,4,5,5,1,5,5,5,1,2,4,5,5,5,3,1,1,4,3,1,0,0,0,0,0
57.0,1,1,5,1,1,0,,1.0,0,1.0,0.0,0.0,0.0,1,1,0,1,1,1,0,0,0,0,0,0,0,0,0,1,1,0,0,1,1,1,0,0,0,1,0,0,1,0,1,0,0,0,0,0,0,0,0,0,1,0,0,0,0,0,0,0,0,0,0,0,1,1,0,0,0,0,1,0,0,0,1,0,0,0,0,0,5,5,4,4,3,4,5,5,2,4,3,5,3,4,2,4,3,3,5,1,1,1,0,0,0
77.0,0,1,5,1,1,0,1.0,1.0,1,1.0,1.0,0.0,0.0,1,0,0,0,1,1,1,0,1,0,1,0,0,0,0,1,1,1,0,1,1,1,0,1,0,0,1,0,1,1,0,0,0,0,0,0,0,0,0,0,1,0,0,0,0,0,0,0,0,0,0,0,1,1,0,0,0,0,0,0,0,0,0,0,0,0,0,0,4,4,5,4,4,4,1,5,4,2,5,5,4,5,3,3,2,1,1,0,0,1,0,0,0
,1,1,1,1,1,0,1.0,1.0,0,1.0,0.0,1.0,0.0,1,0,1,1,0,1,1,0,1,1,0,0,0,0,0,1,1,0,0,0,0,0,0,0,0,0,0,0,0,0,0,0,0,0,0,0,0,0,0,0,0,1,0,0,0,0,0,0,0,0,0,0,0,0,0,0,0,0,0,0,0,0,0,0,0,0,0,0,3,5,5,5,5,4,3,4,2,4,5,4,5,2,3,5,5,3,3,0,0,1,1,0,0
37.0,3,0,2,1,1,1,1.0,1.0,0,0.0,1.0,0.0,0.0,1,0,1,1,0,1,1,1,1,0,0,0,0,0,0,1,1,1,0,0,0,0,0,0,0,0,0,0,0,0,0,0,0,0,0,0,0,0,0,0,1,1,1,1,0,0,1,1,1,1,1,0,0,0,0,0,0,0,0,0,0,0,0,0,0,0,0,0,4,1,4,5,5,3,5,4,1,1,4,4,4,4,3,2,3,4,4,0,0,1,0,0,0
52.0,1,1,1,0,1,1,0.0,0.0,0,,0.0,0.0,0.0,0,0,0,0,0,0,0,0,0,0,0,0,0,0,0,1,0,0,0,0,0,0,0,0,0,0,0,0,0,0,0,0,0,0,0,0,0,0,0,0,1,1,1,1,1,0,1,1,1,0,0,0,1,0,0,0,0,0,0,0,0,0,0,0,0,0,0,0,5,5,4,4,4,5,2,4,4,1,2,4,5,3,2,5,5,2,2,1,0,0,0,0,0
18.0,2,1,5,1,1,1,0.0,0.0,0,1.0,,,0.0,0,1,1,1,0,0,1,0,0,0,1,0,0,0,0,1,0,1,0,0,0,0,0,0,0,0,0,0,0,0,0,0,0,1,0,1,0,0,0,0,0,1,1,1,0,0,1,0,0,0,1,0,0,0,0,0,0,0,0,0,0,0,0,0,0,0,0,0,4,5,5,3,3,4,5,5,5,1,5,5,5,3,1,2,1,4,5,1,0,1,0,0,0
43.0,3,1,5,1,1,1,0.0,,0,0.0,0.0,0.0,0.0,0,1,1,0,0,1,1,1,1,1,0,0,1,0,1,0,1,1,0,1,1,0,0,0,0,0,1,0,1,1,0,0,0,1,0,1,0,0,0,0,1,1,1,1,1,1,1,1,0,0,1,0,0,0,0,0,0,0,0,0,0,0,0,0,0,0,0,0,4,4,5,5,3,5,3,1,2,2,4,1,4,2,1,2,5,1,4,0,0,0,0,1,0
26.0,2,1,5,1,1,1,1.0,1.0,0,0.0,1.0,1.0,0.0,0,0,0,0,1,1,0,0,0,0,0,0,0,0,0,0,1,0,1,1,1,0,0,0,0,1,0,0,0,1,0,1,1,0,0,0,0,0,0,0,1,1,1,0,1,1,1,1,1,0,0,0,0,0,0,0,0,0,0,0,0,0,0,0,0,0,0,0,4,1,5,1,5,5,5,1,2,4,4,4,1,5,4,1,4,3,3,0,0,1,0,1,1
44.0,3,0,5,0,1,0,0.0,0.0,0,0.0,0.0,0.0,0.0,0,0,0,0,0,0,0,0,0,0,0,0,0,0,0,1,0,0,0,0,0,0,0,0,0,0,0,0,0,0,0,0,0,0,0,0,0,0,0,0,1,1,0,0,0,0,0,0,0,0,0,0,0,0,0,0,0,0,0,0,0,0,0,0,0,0,0,0,5,4,4,5,4,4,5,4,2,1,4,5,4,3,2,5,5,4,5,0,0,0,0,0,0
76.0,0,1,5,1,1,1,1.0,0.0,0,1.0,1.0,0.0,,1,1,1,0,0,1,0,1,0,0,0,0,0,0,0,1,0,0,1,1,0,0,0,1,0,0,0,1,1,0,1,1,0,1,1,0,0,1,1,1,1,1,0,1,1,1,0,0,0,0,0,0,1,0,0,0,0,0,1,1,0,0,0,1,0,1,0,0,4,3,5,5,3,4,5,3,3,1,1,4,4,5,2,5,1,5,1,0,0,1,0,0,0
40.0,3,1,5,1,1,1,1.0,1.0,1,1.0,,1.0,1.0,0,1,1,1,1,1,1,1,0,0,0,1,0,0,0,1,0,0,0,0,0,0,0,0,0,0,0,0,0,0,0,0,0,1,1,1,0,0,0,1,1,1,1,0,0,0,1,1,0,1,1,1,1,0,0,0,0,0,1,1,1,0,1,0,0,0,0,1,4,1,1,4,4,2,4,5,1,1,3,5,3,2,3,4,5,3,2,0,0,1,0,0,0
49.0,1,1,,0,1,0,0.0,0.0,0,0.0,0.0,0.0,0.0,0,0,0,0,0,0,0,0,0,0,0,0,0,0,0,1,0,0,0,0,0,0,0,0,0,0,0,0,0,0,0,0,0,0,0,0,0,0,0,0,0,1,0,0,0,0,0,0,0,0,0,0,0,0,0,0,0,0,0,0,0,0,0,0,0,0,0,0,5,5,4,4,5,5,1,5,2,1,5,5,5,4,5,3,2,4,4,1,0,0,0,0,0
36.0,3,1,5,1,1,1,1.0,1.0,0,1.0,0.0,0.0,0.0,0,0,1,1,0,1,1,0,1,0,0,1,0,0,0,0,1,1,1,1,1,1,0,0,0,1,0,0,1,1,1,0,1,1,1,1,1,1,0,0,1,0,0,1,0,0,1,1,1,1,0,0,1,0,0,0,0,0,1,1,0,0,0,0,1,0,0,0,4,3,3,2,1,5,2,5,1,2,5,5,5,3,5,4,3,3,3,1,0,1,1,0,0
65.0,0,0,0,1,1,1,1.0,1.0,0,0.0,0.0,1.0,0.0,1,0,1,0,0,1,1,1,1,1,0,1,0,0,1,1,0,1,0,0,0,0,0,0,0,0,0,0,0,0,0,0,0,1,1,0,0,1,0,1,0,0,0,1,1,1,1,1,1,0,0,1,1,0,1,0,0,1,0,1,0,0,0,0,0,0,0,0,5,4,5,4,2,3,4,1,5,4,4,4,5,2,2,4,5,1,4,0,0,1,0,0,1
37.0,3,0,5,1,1,0,0.0,1.0,0,1.0,,1.0,0.0,1,0,1,0,0,1,0,0,0,0,0,0,0,0,0,1,0,0,1,1,1,1,0,0,1,0,0,0,0,1,0,1,0,0,0,0,0,0,0,0,1,1,0,0,0,0,0,0,0,0,0,0,1,0,1,0,0,0,0,1,0,0,0,0,0,0,0,0,3,3,4,1,4,5,4,2,1,2,1,4,2,3,5,4,5,1,4,1,1,1,0,0,0
86.0,4,,5,1,1,1,0.0,0.0,1,,1.0,1.0,0.0,1,0,0,0,1,1,1,0,0,1,1,0,0,0,0,0,0,0,1,0,0,0,0,0,0,0,0,0,0,0,0,0,0,1,0,1,1,0,0,0,1,0,1,1,1,1,1,1,1,1,0,1,0,0,0,0,0,0,0,0,0,0,0,0,0,0,0,0,5,4,3,4,4,5,5,2,1,2,5,4,5,5,5,5,1,5,5,0,0,1,0,0,0
31.0,3,0,1,1,1,1,0.0,1.0,1,1.0,1.0,1.0,0.0,0,1,0,1,0,1,0,0,0,0,0,0,0,0,0,0,0,0,0,1,1,0,1,1,0,0,0,1,0,1,0,0,1,1,1,1,1,0,1,0,1,1,1,0,1,1,0,0,0,0,0,0,0,0,0,0,0,0,0,0,0,0,0,0,0,0,0,0,4,3,4,4,4,1,2,5,1,5,2,5,1,2,4,5,4,4,5,1,0,1,0,0,1
73.0,0,1,5,1,1,1,1.0,1.0,1,1.0,0.0,0.0,0.0,1,0,0,0,1,0,1,1,1,1,1,0,0,0,0,1,1,0,0,0,0,0,0,0,0,0,0,0,0,0,0,0,0,1,0,1,1,0,1,0,0,1,1,1,1,1,1,1,1,0,1,1,0,0,0,0,0,0,0,0,0,0,0,0,0,0,0,0,4,4,5,5,3,5,4,3,1,2,5,3,5,3,5,5,4,1,2,1,1,1,0,0,0
72.0,0,1,5,1,1,1,1.0,0.0,1,1.0,1.0,1.0,0.0,1,0,0,0,1,1,0,1,0,0,0,0,0,0,0,1,0,0,0,1,0,0,0,0,0,0,1,0,1,0,1,0,1,1,1,1,0,0,0,1,1,1,1,0,1,1,1,1,1,1,0,0,0,0,0,0,0,0,0,0,0,0,0,0,0,0,0,0,4,5,4,5,3,4,5,4,2,1,4,5,5,4,4,2,4,3,3,0,0,0,0,0,0
,2,1,5,1,1,1,0.0,1.0,0,1.0,0.0,0.0,0.0,0,0,0,0,1,1,1,0,0,0,0,0,0,0,0,1,0,0,0,0,0,0,0,0,0,0,0,0,0,0,0,0,0,1,0,1,1,1,1,0,1,1,1,1,1,1,1,1,0,0,0,1,0,0,0,0,0,0,0,0,0,0,0,0,0,0,0,0,4,4,4,4,4,5,2,5,1,2,4,5,3,2,1,1,4,3,3,0,0,1,0,0,0
53.0,1,0,5,1,1,1,1.0,1.0,1,1.0,,0.0,1.0,1,0,0,0,1,1,1,1,1,0,0,0,0,0,0,1,0,0,0,1,0,0,0,1,1,0,0,0,1,1,1,1,1,1,1,1,0,1,0,0,0,0,1,1,0,0,1,0,1,0,0,0,0,0,0,0,0,0,0,0,0,0,0,0,0,0,0,0,4,5,4,4,2,3,5,5,1,3,3,5,3,5,2,5,2,1,4,0,0,1,0,0,0
36.0,3,1,5,0,1,1,0.0,0.0,0,0.0,,0.0,0.0,0,0,0,0,0,0,0,0,0,0,0,0,0,0,0,1,0,0,0,0,0,0,0,0,0,0,0,0,0,0,0,0,0,0,0,0,0,0,0,0,1,1,1,1,1,0,1,1,0,1,0,0,1,1,0,1,0,0,0,0,0,0,0,0,0,0,0,0,5,5,5,5,4,1,5,5,2,2,4,4,5,3,1,4,1,1,3,0,0,0,0,0,0
68.0,0,0,5,1,1,1,1.0,0.0,0,1.0,1.0,0.0,1.0,0,0,1,0,0,1,0,1,0,0,0,0,0,0,0,0,1,0,0,0,0,0,0,0,0,0,0,0,0,0,0,0,0,1,1,0,0,1,0,0,1,0,1,1,1,1,0,0,0,0,0,0,0,0,0,0,0,0,0,0,0,0,0,0,0,0,0,0,3,4,1,4,4,5,1,1,2,2,4,4,2,5,1,1,5,3,1,1,0,1,0,1,0
41.0,3,1,3,1,1,1,0.0,1.0,0,0.0,1.0,1.0,0.0,1,0,1,0,0,1,1,0,1,0,0,0,0,0,0,1,1,1,0,1,0,1,1,0,1,0,0,0,0,0,1,0,0,0,0,0,0,0,0,0,0,1,1,1,1,1,0,0,0,0,0,0,0,0,0,0,0,0,0,0,0,0,0,0,0,0,0,0,2,4,4,4,3,4,5,4,5,1,2,4,5,4,4,5,1,4,1,1,1,1,0,0,0
30.0,3,1,2,1,1,1,1.0,1.0,0,1.0,1.0,0.0,0.0,1,1,0,1,1,1,1,1,1,1,1,0,1,0,1,1,0,0,0,1,0,1,0,0,1,0,0,0,1,0,0,1,0,1,0,1,1,0,0,1,0,1,1,1,1,0,0,0,0,0,0,0,0,0,0,0,0,0,0,0,0,0,0,0,0,0,0,0,4,3,1,5,4,5,2,4,2,1,4,5,1,3,1,3,2,1,3,1,0,1,0,0,0
86.0,4,0,1,1,1,1,0.0,1.0,0,0.0,0.0,0.0,0.0,0,0,0,0,1,1,1,1,0,1,0,0,1,1,0,1,0,0,0,1,1,1,0,0,0,1,0,0,1,0,0,0,0,1,1,1,1,0,1,1,1,1,0,1,1,1,0,0,0,0,0,0,0,0,0,0,0,0,0,0,0,0,0,0,0,0,0,0,4,4,4,5,5,5,5,3,1,2,5,3,3,3,5,4,3,1,5,1,1,1,1,0,0
34.0,3,1,5,1,1,1,0.0,0.0,1,1.0,1.0,0.0,0.0,1,1,1,0,0,1,1,1,1,0,0,1,0,0,0,1,0,0,0,1,1,1,0,0,0,0,1,0,1,0,0,0,1,1,1,0,1,1,0,0,1,1,1,1,0,0,1,1,1,1,0,1,1,1,0,0,0,0,1,1,1,1,0,1,1,0,0,1,4,1,5,5,4,5,4,4,2,2,4,5,5,3,5,4,4,4,3,0,0,1,0,0,0
62.0,0,0,5,1,1,0,1.0,0.0,1,0.0,1.0,1.0,0.0,0,0,0,0,1,1,1,1,0,0,0,0,0,0,0,1,1,0,0,1,1,1,0,1,1,0,0,0,1,0,1,0,1,0,0,0,0,0,0,0,1,1,0,0,0,0,0,0,0,0,0,0,0,0,0,0,0,0,0,0,0,0,0,0,0,0,0,0,5,5,5,4,5,5,5,5,1,2,4,1,2,3,4,5,4,5,3,1,0,1,0,0,0
59.0,1,1,5,1,1,1,1.0,0.0,0,1.0,1.0,1.0,0.0,0,0,1,1,1,1,1,0,1,0,0,0,0,0,0,0,0,1,1,1,1,0,1,1,0,0,0,1,1,1,1,0,0,1,0,0,0,1,0,0,1,1,0,1,0,0,1,1,0,1,0,0,1,1,1,0,0,0,0,0,0,0,0,0,0,0,0,0,4,5,4,5,5,5,4,5,2,1,1,5,4,3,3,1,2,4,3,0,0,1,1,0,0
66.0,0,1,,0,1,1,0.0,0.0,0,0.0,0.0,0.0,0.0,0,0,0,0,0,0,0,0,0,0,0,0,0,0,0,1,0,0,0,0,0,0,0,0,0,0,0,0,0,0,0,0,0,0,0,0,0,0,0,0,1,1,1,1,0,0,1,1,1,0,0,0,0,0,0,0,0,0,0,0,0,0,0,0,0,0,0,0,4,4,5,4,4,4,5,5,2,1,1,4,2,5,2,5,4,5,2,1,0,0,0,0,0
41.0,3,1,1,1,1,1,1.0,0.0,0,1.0,0.0,0.0,0.0,0,1,1,1,0,1,1,1,0,0,0,0,0,0,0,0,0,1,0,1,0,1,1,0,0,1,0,0,1,0,0,1,0,1,0,1,1,0,0,0,0,1,0,1,1,1,1,1,0,0,0,1,0,0,0,0,0,0,0,0,0,0,0,0,0,0,0,0,5,5,4,5,4,4,5,4,1,2,3,4,1,4,4,3,5,5,5,0,0,1,0,0,0
34.0,3,0,5,1,1,1,1.0,0.0,1,1.0,0.0,1.0,1.0,1,0,0,1,1,1,1,0,1,0,1,0,0,0,0,0,0,1,1,0,0,0,0,0,0,0,0,0,0,0,0,0,0,1,0,1,0,0,0,0,1,1,1,0,1,1,0,0,0,0,0,0,0,0,0,0,0,0,0,0,0,0,0,0,0,0,0,0,5,1,1,3,4,4,5,3,2,4,5,4,2,3,4,4,4,3,1,1,0,1,0,0,1
30.0,3,2,5,1,1,1,1.0,1.0,1,1.0,1.0,1.0,0.0,0,0,0,1,1,1,1,0,1,1,0,0,0,0,1,1,0,0,0,1,1,0,0,0,0,1,0,0,1,0,0,0,0,1,1,1,1,0,0,1,1,1,1,1,0,0,1,0,1,1,1,1,0,0,0,0,0,0,0,0,0,0,0,0,0,0,0,0,5,4,5,4,5,4,4,4,1,2,5,5,4,1,3,1,4,2,2,1,0,1,0,0,0
32.0,3,0,5,1,1,1,0.0,1.0,0,,1.0,1.0,1.0,1,1,0,0,0,1,1,1,1,1,0,1,1,0,0,0,0,1,0,1,1,0,0,0,1,0,0,0,1,1,0,0,1,1,0,1,0,1,0,0,1,1,1,1,0,0,1,1,1,0,0,0,0,0,0,0,0,0,0,0,0,0,0,0,0,0,0,0,5,4,4,3,5,3,5,5,2,2,1,5,3,4,5,4,2,4,2,0,0,1,0,1,0
62.0,0,0,,1,1,1,1.0,1.0,0,1.0,,,0.0,1,0,0,0,1,1,1,0,1,0,0,0,0,0,0,1,1,0,0,1,0,1,0,0,0,1,0,0,0,1,0,1,1,1,1,0,0,0,1,1,1,1,1,1,1,1,1,0,1,1,1,1,0,0,0,0,0,0,0,0,0,0,0,0,0,0,0,0,4,5,5,5,5,4,1,5,2,2,3,5,5,2,5,3,5,4,1,1,1,1,0,0,0
34.0,3,,5,0,1,1,0.0,0.0,0,,,0.0,0.0,0,0,0,0,0,0,0,0,0,0,0,0,0,0,0,0,0,0,0,0,0,0,0,0,0,0,0,0,0,0,0,0,0,0,0,0,0,0,0,0,1,1,1,1,1,1,1,1,0,0,0,1,0,0,0,0,0,0,0,0,0,0,0,0,0,0,0,0,4,5,4,4,4,4,4,5,2,5,5,4,3,4,3,5,4,4,5,0,0,0,0,0,0
79.0,0,,5,0,1,1,0.0,0.0,0,0.0,0.0,0.0,0.0,0,0,0,0,0,0,0,0,0,0,0,0,0,0,0,1,0,0,0,0,0,0,0,0,0,0,0,0,0,0,0,0,0,0,0,0,0,0,0,0,0,1,1,1,1,0,1,1,0,1,1,1,0,0,0,0,0,0,0,0,0,0,0,0,0,0,0,0,3,4,4,5,3,4,3,4,2,1,3,4,5,4,4,2,3,5,2,0,0,0,0,0,0
77.0,0,1,2,1,1,1,1.0,0.0,0,1.0,1.0,0.0,,0,0,0,0,1,1,1,1,1,0,1,0,0,0,1,1,1,0,1,1,0,0,1,0,0,0,0,1,1,1,1,1,1,0,0,0,0,0,0,0,0,1,1,0,1,1,0,0,0,0,0,0,0,0,0,0,0,0,0,0,0,0,0,0,0,0,0,0,4,5,4,1,4,4,5,5,3,1,4,5,4,2,1,4,4,5,5,1,1,1,0,0,0
44.0,3,1,5,1,1,1,1.0,0.0,0,1.0,,,1.0,1,0,0,1,0,1,1,0,1,0,0,0,0,0,0,1,1,1,1,0,0,0,0,0,0,0,0,0,0,0,0,0,0,0,0,0,0,0,0,0,1,1,1,1,1,1,1,1,0,1,0,0,1,0,0,0,1,0,1,1,1,0,0,1,0,0,1,1,4,5,4,5,4,5,1,5,1,2,4,4,4,4,5,5,1,3,4,1,0,1,1,0,0
,1,1,2,0,1,1,0.0,0.0,0,0.0,0.0,,0.0,0,0,0,0,0,0,0,0,0,0,0,0,0,0,0,0,0,0,0,0,0,0,0,0,0,0,0,0,0,0,0,0,0,0,0,0,0,0,0,0,1,1,0,1,1,1,1,1,1,0,0,0,0,0,0,0,0,0,0,0,0,0,0,0,0,0,0,0,4,5,4,5,5,4,3,4,1,1,4,3,2,5,4,5,4,1,4,1,0,0,0,0,0
41.0,3,1,1,1,1,1,0.0,1.0,0,1.0,,1.0,0.0,1,0,0,1,0,0,1,0,1,1,0,0,0,1,0,1,1,0,0,0,0,0,0,0,0,0,0,0,0,0,0,0,0,1,0,1,1,0,0,0,1,0,1,1,1,1,1,1,1,1,1,1,0,0,0,0,0,0,0,0,0,0,0,0,0,0,0,0,5,3,2,4,5,5,5,4,2,1,1,4,3,2,4,3,5,5,1,0,0,1,0,0,0
38.0,3,1,5,0,1,1,0.0,0.0,0,0.0,0.0,0.0,0.0,0,0,0,0,0,0,0,0,0,0,0,0,0,0,0,1,0,0,0,0,0,0,0,0,0,0,0,0,0,0,0,0,0,0,0,0,0,0,0,0,0,0,1,1,0,0,1,1,1,0,0,1,0,0,0,0,0,0,0,0,0,0,0,0,0,0,0,0,5,3,5,4,5,5,4,5,1,3,5,4,5,5,2,5,1,3,5,0,0,0,0,0,0
49.0,1,0,0,1,1,1,1.0,0.0,1,1.0,1.0,1.0,0.0,1,0,0,1,1,1,0,0,0,0,0,0,0,0,0,0,0,1,1,1,1,0,1,0,1,0,0,0,1,1,1,0,0,1,0,1,1,1,0,0,0,0,1,1,0,0,0,0,0,0,0,0,0,0,0,0,0,0,0,0,0,0,0,0,0,0,0,0,5,4,4,2,5,5,4,2,1,1,4,4,2,5,4,3,1,4,3,1,0,1,0,0,0
42.0,3,1,2,1,1,0,0.0,1.0,0,1.0,0.0,1.0,0.0,1,0,1,1,1,1,1,0,1,0,0,1,0,0,0,0,0,0,0,0,0,0,0,0,0,0,0,0,0,0,0,0,0,0,0,0,0,0,0,0,0,0,0,0,0,0,0,0,0,0,0,0,0,0,0,0,0,0,0,0,0,0,0,0,0,0,0,0,4,5,4,5,4,4,4,4,2,1,2,5,5,4,4,5,4,5,3,1,1,1,1,0,0
42.0,3,0,1,0,1,0,0.0,0.0,0,0.0,0.0,0.0,0.0,0,0,0,0,0,0,0,0,0,0,0,0,0,0,0,1,0,0,0,0,0,0,0,0,0,0,0,0,0,0,0,0,0,0,0,0,0,0,0,0,0,0,0,0,0,0,0,0,0,0,0,0,0,0,0,0,0,0,0,0,0,0,0,0,0,0,0,0,3,5,3,5,5,4,4,4,2,2,4,5,4,1,1,1,2,2,5,0,0,0,0,0,0
39.0,3,0,5,1,1,1,1.0,0.0,0,1.0,0.0,1.0,0.0,0,0,1,1,0,1,1,0,1,1,0,1,0,0,0,1,1,1,0,1,0,0,0,0,0,0,0,1,1,0,0,0,0,1,1,1,0,0,1,1,1,1,0,0,1,1,1,1,1,1,1,1,1,0,0,0,0,0,0,0,0,0,0,0,0,0,0,0,4,4,5,4,4,1,5,4,2,2,2,4,5,5,4,5,5,4,2,1,0,1,0,0,0
63.0,0,0,1,1,1,1,1.0,1.0,1,1.0,0.0,1.0,0.0,1,0,1,0,0,1,1,0,1,1,0,1,0,1,0,1,0,0,1,0,0,0,0,0,0,0,0,0,0,0,0,0,0,1,0,0,1,1,0,0,1,1,1,1,0,0,1,1,0,0,0,0,0,0,0,0,0,0,0,0,0,0,0,0,0,0,0,0,5,5,5,5,5,4,4,1,3,1,4,4,5,3,5,5,2,4,1,0,0,1,0,0,0
40.0,3,1,5,1,1,1,1.0,1.0,0,1.0,1.0,0.0,0.0,1,0,1,1,1,1,0,1,0,0,0,0,0,0,0,1,1,0,1,0,0,0,0,0,0,0,0,0,0,0,0,0,0,0,0,0,0,0,0,0,1,1,0,0,0,0,1,0,1,0,1,0,0,0,0,0,0,0,0,0,0,0,0,0,0,0,0,0,5,5,4,4,5,3,3,3,2,4,5,5,1,2,4,4,1,2,2,0,0,0,0,0,0
,0,0,1,1,1,1,1.0,1.0,1,,1.0,1.0,0.0,0,1,0,1,0,1,1,1,0,0,1,0,0,0,0,0,0,1,0,1,1,0,1,0,0,1,0,0,1,0,1,0,1,1,1,0,0,1,0,0,0,0,1,1,0,0,1,1,1,0,1,0,1,0,1,0,0,0,1,0,1,1,0,0,0,0,0,0,5,5,5,4,5,5,4,5,2,1,4,4,4,3,1,2,1,4,1,1,1,1,0,1,0
40.0,3,1,,1,1,1,0.0,1.0,0,1.0,,0.0,0.0,1,0,0,0,0,1,0,0,0,0,0,0,0,0,0,1,0,1,1,1,1,1,1,0,0,1,0,0,0,0,1,0,0,1,0,1,1,1,0,1,1,1,1,1,0,0,1,0,0,1,0,1,0,0,0,0,0,0,0,0,0,0,0,0,0,0,0,0,4,3,4,4,5,5,5,3,1,1,4,3,5,4,5,5,2,4,3,0,0,1,0,1,0
66.0,0,1,5,0,1,0,0.0,0.0,0,0.0,0.0,0.0,0.0,0,0,0,0,0,0,0,0,0,0,0,0,0,0,0,1,0,0,0,0,0,0,0,0,0,0,0,0,0,0,0,0,0,0,0,0,0,0,0,0,1,0,0,0,0,0,0,0,0,0,0,0,1,1,0,0,0,0,0,0,0,0,0,0,0,0,0,0,5,4,5,5,3,1,5,5,1,1,4,5,2,2,5,5,1,3,4,1,0,0,0,0,0
56.0,1,1,1,1,1,1,,0.0,0,1.0,1.0,0.0,0.0,1,1,1,1,1,1,1,1,1,0,0,0,0,0,0,1,0,0,1,1,1,1,0,0,1,0,0,0,1,1,0,0,0,1,1,1,1,0,0,0,1,1,1,1,1,1,1,1,1,1,0,0,0,0,0,0,0,0,0,0,0,0,0,0,0,0,0,0,5,5,4,3,5,1,5,3,1,2,3,3,3,5,3,3,4,5,4,1,0,1,0,0,0
79.0,0,1,5,1,1,1,1.0,1.0,1,1.0,0.0,1.0,0.0,1,0,0,0,1,1,1,0,0,0,0,1,0,0,1,1,0,1,1,1,0,1,1,0,1,0,0,0,1,1,0,0,0,1,0,1,1,0,1,1,1,0,0,1,0,0,1,1,1,0,1,0,1,1,0,0,0,0,0,0,0,0,0,0,0,0,0,0,4,4,4,4,4,3,4,1,4,4,4,5,5,4,1,5,1,4,5,0,0,1,1,1,0
42.0,3,0,5,1,1,1,,0.0,0,1.0,0.0,1.0,,1,0,1,0,0,1,1,1,0,1,0,1,0,0,1,0,0,0,1,1,1,0,0,0,1,0,0,0,0,1,0,0,0,0,0,0,0,0,0,0,1,0,1,1,1,1,1,1,1,1,0,1,0,0,0,0,0,0,0,0,0,0,0,0,0,0,0,0,5,5,4,4,4,3,5,5,5,1,5,4,4,5,5,5,4,4,2,1,0,1,0,0,0
19.0,2,,5,1,1,1,0.0,1.0,0,0.0,1.0,0.0,0.0,1,0,1,1,0,1,1,1,1,0,1,0,0,0,0,1,0,1,0,0,0,0,0,0,0,0,0,0,0,0,0,0,0,1,0,1,1,1,1,0,1,1,1,1,0,0,1,1,0,0,0,1,0,0,0,0,0,0,0,0,0,0,0,0,0,0,0,0,5,5,5,4,5,5,4,4,4,2,5,5,5,3,5,1,3,3,5,0,0,1,0,0,0
49.0,1,,5,1,1,1,0.0,1.0,1,1.0,1.0,0.0,0.0,1,1,0,0,0,0,0,1,0,0,0,0,0,0,0,1,0,0,1,0,0,0,0,0,0,0,0,0,0,0,0,0,0,1,1,1,0,1,0,1,1,1,1,1,1,1,1,1,1,0,0,0,0,0,0,0,0,0,0,0,0,0,0,0,0,0,0,0,4,5,5,4,5,5,4,1,3,4,5,4,3,5,4,3,3,5,4,0,0,1,1,0,0
26.0,2,0,3,1,1,1,,1.0,1,0.0,1.0,1.0,0.0,0,1,0,0,0,1,1,1,1,1,0,1,0,0,0,1,1,1,0,1,1,0,0,0,0,1,0,0,1,1,0,0,0,1,0,0,0,0,0,0,1,1,1,0,0,0,1,1,1,1,1,0,0,0,0,0,0,0,0,0,0,0,0,0,0,0,0,0,1,4,4,5,3,5,5,5,2,2,4,3,4,4,4,5,5,2,2,1,1,1,0,0,0
81.0,4,1,2,1,1,0,0.0,1.0,1,0.0,1.0,1.0,0.0,1,0,0,0,1,1,1,0,1,1,0,1,1,0,0,1,1,0,0,1,0,0,0,0,1,0,0,0,0,1,1,1,0,0,0,0,0,0,0,0,0,0,0,0,0,0,0,0,0,0,0,0,0,0,0,0,0,0,0,0,0,0,0,0,0,0,0,0,4,4,4,4,5,4,4,5,1,5,3,4,2,3,3,5,5,2,5,0,0,1,0,0,0
64.0,0,1,2,1,1,0,1.0,1.0,0,0.0,0.0,1.0,0.0,0,0,0,0,0,1,1,1,1,0,0,1,0,1,0,1,1,1,0,1,1,1,0,1,1,0,0,0,1,0,0,0,1,0,0,0,0,0,0,0,1,1,0,0,0,0,0,0,0,0,0,0,1,1,0,0,0,0,0,1,0,0,0,0,0,0,0,0,3,4,1,4,5,2,4,1,1,2,4,5,2,2,5,4,4,4,4,0,0,1,0,0,0
39.0,3,0,1,1,1,1,0.0,1.0,0,1.0,0.0,0.0,0.0,0,1,0,1,0,1,1,1,1,0,1,1,1,0,0,1,1,0,1,1,0,1,0,0,0,1,0,0,1,1,0,0,0,1,0,1,1,0,0,0,0,1,1,1,0,0,1,1,1,0,0,0,0,0,0,0,0,0,0,0,0,0,0,0,0,0,0,0,5,5,4,1,4,3,4,5,3,2,5,4,5,2,3,2,4,2,4,0,0,1,1,1,0
50.0,1,0,5,1,1,1,1.0,0.0,1,,0.0,1.0,0.0,0,1,0,0,1,1,1,0,1,1,0,0,0,1,0,0,1,1,0,1,1,1,0,1,0,0,1,0,0,0,1,1,0,1,1,0,0,0,1,0,1,1,1,1,1,1,1,0,0,0,0,0,0,0,0,0,0,0,0,0,0,0,0,0,0,0,0,0,1,4,5,1,2,5,4,4,2,1,3,4,1,1,5,3,4,2,5,0,0,1,0,0,0
48.0,1,1,5,1,1,1,1.0,1.0,0,1.0,0.0,1.0,0.0,0,0,0,0,1,1,1,0,0,1,1,0,0,0,0,0,1,0,0,0,0,0,0,0,0,0,0,0,0,0,0,0,0,1,1,1,1,1,0,0,1,0,0,1,0,0,1,0,0,0,0,0,0,0,0,0,0,0,0,0,0,0,0,0,0,0,0,0,4,4,2,4,4,5,4,5,5,1,3,5,4,5,4,4,4,4,4,1,1,1,0,1,0
43.0,3,0,5,1,1,1,,1.0,0,,,0.0,0.0,1,1,0,0,0,1,1,1,1,0,0,0,1,0,0,1,0,0,1,1,1,0,1,1,1,0,0,0,1,1,0,1,0,1,1,1,0,0,0,0,1,1,1,1,1,1,1,1,0,1,0,0,0,0,0,0,0,0,0,0,0,0,0,0,0,0,0,0,4,4,3,5,2,4,5,5,2,3,1,5,5,2,3,2,4,2,5,1,1,1,0,0,0
25.0,2,1,2,1,1,1,0.0,0.0,0,0.0,0.0,1.0,0.0,1,0,1,1,0,1,1,1,0,1,0,1,0,0,0,1,1,1,1,0,0,0,0,0,0,0,0,0,0,0,0,0,0,1,1,1,0,0,0,0,1,1,1,1,0,0,0,0,0,0,0,0,0,0,0,0,0,0,0,0,0,0,0,0,0,0,0,0,4,5,1,4,4,5,2,4,1,2,5,5,4,5,4,3,2,4,1,0,0,1,0,0,0
36.0,3,1,3,1,1,1,0.0,1.0,0,0.0,1.0,1.0,1.0,1,0,0,1,1,1,1,1,1,0,0,0,0,0,1,0,1,0,1,1,0,1,0,1,1,0,0,0,1,0,1,0,0,0,0,0,0,0,0,0,0,1,1,1,0,0,1,1,0,0,0,0,0,0,0,0,0,0,0,0,0,0,0,0,0,0,0,0,4,4,2,5,4,5,4,1,4,1,3,5,4,4,5,2,3,5,4,0,0,1,0,0,0
45.0,1,1,,1,1,1,0.0,0.0,1,1.0,1.0,1.0,0.0,1,0,1,0,1,1,0,1,0,0,0,0,0,0,0,0,0,0,0,0,0,0,0,0,0,0,0,0,0,0,0,0,0,1,1,1,1,0,0,0,1,0,1,1,1,1,1,0,0,0,1,1,0,0,0,0,0,0,0,0,0,0,0,0,0,0,0,0,5,5,4,4,5,5,5,4,1,1,5,5,4,4,5,5,4,3,5,1,0,0,1,1,0
67.0,0,0,,0,1,0,0.0,0.0,0,0.0,0.0,0.0,,0,0,0,0,0,0,0,0,0,0,0,0,0,0,0,1,0,0,0,0,0,0,0,0,0,0,0,0,0,0,0,0,0,0,0,0,0,0,0,0,1,0,0,0,0,0,0,0,0,0,0,0,1,1,0,0,0,0,0,1,0,0,0,0,0,0,0,0,4,4,4,4,5,5,4,5,3,2,5,4,2,5,4,5,3,2,4,0,0,0,0,0,0
59.0,1,0,1,1,1,1,1.0,1.0,1,1.0,1.0,1.0,0.0,1,1,0,1,0,1,1,1,1,0,1,1,0,0,0,1,0,0,0,1,1,1,0,0,0,0,1,0,1,1,1,1,0,0,0,0,0,0,0,0,1,0,0,1,0,0,0,0,0,0,0,0,0,0,0,0,0,0,0,0,0,0,0,0,0,0,0,0,4,5,4,5,5,3,4,4,1,5,2,4,4,5,4,4,4,3,4,0,0,1,0,0,0
74.0,0,0,5,1,1,0,0.0,1.0,1,1.0,1.0,0.0,1.0,0,0,0,0,1,1,1,0,1,0,1,0,1,1,0,1,0,1,0,1,1,1,1,0,1,0,0,0,1,0,1,1,0,0,0,0,0,0,0,0,0,0,0,0,0,0,0,0,0,0,0,0,0,0,0,0,0,0,0,0,0,0,0,0,0,0,0,0,4,4,4,3,5,5,3,4,2,3,5,5,4,4,5,5,4,2,2,1,0,1,1,0,0
30.0,3,0,2,1,1,1,1.0,1.0,1,1.0,1.0,0.0,0.0,0,1,1,0,1,1,1,0,0,0,1,0,0,1,0,1,0,1,1,1,1,1,0,0,1,0,0,0,1,1,0,0,0,1,1,0,1,1,1,0,1,0,0,1,1,1,1,1,1,0,1,1,0,0,0,0,0,0,0,0,0,0,0,0,0,0,0,0,4,5,5,4,5,2,5,5,4,1,4,5,2,1,3,5,2,4,5,1,1,1,0,0,0
49.0,1,,5,1,1,1,1.0,0.0,1,1.0,1.0,1.0,0.0,1,0,0,0,0,1,1,1,1,0,0,0,0,0,0,1,1,1,0,1,0,0,0,0,0,0,0,1,0,1,1,0,0,0,0,0,0,0,0,0,1,0,1,1,1,1,1,0,0,0,0,1,0,0,0,0,0,0,0,0,0,0,0,0,0,0,0,0,4,3,5,4,4,5,5,4,1,3,5,5,5,4,5,1,4,3,4,0,0,1,1,0,0
45.0,1,0,5,0,1,1,0.0,0.0,0,0.0,0.0,0.0,0.0,0,0,0,0,0,0,0,0,0,0,0,0,0,0,0,1,0,0,0,0,0,0,0,0,0,0,0,0,0,0,0,0,0,0,0,0,0,0,0,0,0,1,1,1,0,0,1,0,1,1,0,1,0,0,0,0,0,0,0,0,0,0,0,0,0,0,0,0,5,4,5,5,4,5,4,4,2,2,4,4,5,1,5,1,5,4,5,0,0,0,0,0,0
60.0,1,2,5,1,1,1,1.0,1.0,1,1.0,0.0,1.0,0.0,0,0,1,0,0,1,0,0,0,0,0,0,0,0,0,1,1,0,0,1,0,0,1,1,1,0,0,0,1,0,1,0,0,0,0,0,0,0,0,0,1,0,1,1,0,0,1,1,0,1,0,0,0,0,0,0,0,0,0,0,0,0,0,0,0,0,0,0,5,4,4,1,5,5,5,5,2,1,5,2,5,3,2,5,3,5,5,0,0,1,0,0,0
30.0,3,,2,0,1,1,0.0,0.0,0,0.0,0.0,0.0,0.0,0,0,0,0,0,0,0,0,0,0,0,0,0,0,0,1,0,0,0,0,0,0,0,0,0,0,0,0,0,0,0,0,0,0,0,0,0,0,0,0,0,0,1,1,1,1,1,1,0,1,1,0,0,0,0,0,0,0,0,0,0,0,0,0,0,0,0,0,5,5,4,2,4,4,1,5,1,5,4,4,5,4,3,3,3,1,3,1,0,0,0,0,0
44.0,3,0,0,1,1,1,0.0,0.0,0,0.0,1.0,0.0,0.0,1,1,1,0,1,1,0,0,0,0,0,0,0,0,0,1,0,1,0,1,0,1,0,0,0,1,0,0,1,1,1,0,0,0,0,0,0,0,0,0,0,1,1,1,0,0,1,1,1,0,0,0,0,0,0,0,0,0,0,0,0,0,0,0,0,0,0,0,5,4,4,5,1,4,4,4,1,5,5,4,4,5,1,5,1,2,4,1,0,1,0,0,0
31.0,3,0,1,1,1,1,1.0,0.0,0,,1.0,1.0,0.0,0,1,0,1,0,0,0,1,0,0,0,0,0,0,0,1,0,1,0,0,0,0,0,0,0,0,0,0,0,0,0,0,0,1,0,1,0,1,0,1,0,1,1,1,1,1,1,1,1,1,0,1,0,0,0,0,0,0,0,0,0,0,0,0,0,0,0,0,5,1,5,4,2,5,5,5,4,2,3,5,3,5,4,4,1,5,2,0,0,0,0,0,0
49.0,1,0,2,1,1,1,0.0,1.0,1,1.0,0.0,0.0,0.0,0,0,1,0,1,1,1,1,1,1,0,1,0,0,0,1,1,0,1,0,0,0,0,0,0,0,0,0,0,0,0,0,0,1,1,1,1,1,0,0,0,0,1,0,1,1,0,0,0,0,0,0,0,0,0,0,0,0,0,0,0,0,0,0,0,0,0,0,5,1,4,4,3,4,4,5,1,1,4,5,2,4,3,1,5,2,2,0,0,1,1,0,0
48.0,1,0,5,1,1,1,0.0,0.0,0,1.0,1.0,0.0,0.0,1,0,0,0,0,1,1,1,0,1,0,0,0,0,0,1,1,0,1,0,0,0,0,0,0,0,0,0,0,0,0,0,0,1,0,0,1,0,0,0,1,1,1,1,0,0,1,1,1,0,0,1,0,0,0,0,0,0,0,0,0,0,0,0,0,0,0,0,3,4,4,2,5,5,4,5,2,2,5,2,1,4,2,1,5,2,1,1,1,1,0,0,0
,1,1,5,1,1,1,1.0,0.0,0,1.0,0.0,1.0,,0,0,0,0,0,1,1,1,1,1,0,0,0,0,0,0,0,0,1,1,1,0,1,0,0,1,0,0,1,0,1,0,1,1,0,0,1,1,1,1,0,1,1,1,1,1,1,0,1,1,0,0,1,1,0,1,0,1,0,0,0,0,0,0,0,0,0,0,5,3,3,4,2,5,5,4,1,1,4,5,4,3,1,3,5,3,2,0,0,0,1,0,0
23.0,2,1,,1,1,0,0.0,1.0,0,1.0,,,0.0,1,0,0,1,0,1,1,0,1,0,1,0,0,0,0,0,1,0,0,0,0,0,0,0,0,0,0,0,0,0,0,0,0,0,0,0,0,0,0,0,1,1,0,0,0,0,0,0,0,0,0,0,0,0,0,0,0,0,0,0,0,0,0,0,0,0,0,0,5,4,5,4,4,5,4,4,5,2,4,4,2,4,4,3,2,4,4,0,0,1,0,0,0
47.0,1,0,5,1,1,1,1.0,1.0,1,1.0,1.0,1.0,0.0,1,0,0,0,0,1,1,0,1,1,0,0,1,0,0,1,0,0,0,0,0,0,0,0,0,0,0,0,0,0,0,0,0,1,1,0,1,1,0,0,1,0,1,0,0,0,1,0,0,0,0,0,0,0,0,0,0,0,0,0,0,0,0,0,0,0,0,0,5,1,4,4,5,4,3,5,1,1,5,5,2,4,5,4,5,4,2,1,1,1,1,1,0
76.0,0,1,5,1,1,0,1.0,0.0,1,1.0,1.0,0.0,0.0,1,1,0,0,0,1,1,1,0,0,0,0,1,0,0,1,0,1,0,0,0,0,0,0,0,0,0,0,0,0,0,0,0,0,0,0,0,0,0,0,1,1,0,0,0,0,0,0,0,0,0,0,0,0,0,0,0,0,0,0,0,0,0,0,0,0,0,0,4,4,3,5,5,2,5,4,2,4,5,4,4,5,4,1,4,5,3,1,1,0,1,0,0
63.0,0,1,1,1,1,0,1.0,1.0,1,1.0,1.0,0.0,0.0,1,1,0,0,1,1,0,0,0,0,0,0,0,0,0,1,0,0,0,1,0,1,1,0,0,1,0,0,1,1,0,1,1,0,0,0,0,0,0,0,0,1,0,0,0,0,0,0,0,0,0,0,0,0,0,0,0,0,0,0,0,0,0,0,0,0,0,0,5,4,4,4,4,1,5,1,1,2,5,4,5,5,2,5,4,3,5,0,0,1,0,0,0
36.0,3,0,5,1,1,1,1.0,0.0,0,0.0,0.0,0.0,,1,0,0,1,0,1,1,0,0,1,1,1,0,0,0,0,0,0,1,1,0,1,0,0,0,1,0,0,1,1,0,1,1,1,0,0,1,0,1,1,0,1,1,1,0,0,1,0,0,1,0,1,0,0,0,0,0,0,0,0,0,0,0,0,0,0,0,0,5,4,4,4,4,5,4,4,1,1,4,4,5,5,4,4,4,5,5,1,1,1,0,0,1
63.0,0,,2,0,1,1,0.0,0.0,0,0.0,0.0,,0.0,0,0,0,0,0,0,0,0,0,0,0,0,0,0,0,0,0,0,0,0,0,0,0,0,0,0,0,0,0,0,0,0,0,0,0,0,0,0,0,0,1,1,1,1,0,0,1,1,0,0,1,0,1,0,0,0,0,0,1,1,0,1,0,0,0,0,1,1,4,4,5,5,5,4,4,5,2,3,4,5,4,1,1,4,2,2,2,0,0,0,0,0,0
32.0,3,1,5,0,1,1,0.0,0.0,0,0.0,0.0,0.0,0.0,0,0,0,0,0,0,0,0,0,0,0,0,0,0,0,1,0,0,0,0,0,0,0,0,0,0,0,0,0,0,0,0,0,0,0,0,0,0,0,0,0,1,1,1,1,0,1,0,0,1,1,0,0,0,0,0,0,0,0,0,0,0,0,0,0,0,0,0,5,5,4,3,4,2,5,5,2,1,5,4,5,2,3,2,4,5,4,1,0,0,0,0,0
,0,1,,0,1,0,0.0,0.0,0,0.0,0.0,0.0,0.0,0,0,0,0,0,0,0,0,0,0,0,0,0,0,0,1,0,0,0,0,0,0,0,0,0,0,0,0,0,0,0,0,0,0,0,0,0,0,0,0,1,1,0,0,0,0,0,0,0,0,0,0,1,1,1,0,0,0,0,0,0,0,0,0,0,0,0,0,1,1,3,4,5,5,5,5,3,1,4,5,5,4,2,5,1,3,2,1,0,0,0,0,0
56.0,1,0,2,1,1,1,1.0,1.0,0,1.0,0.0,0.0,0.0,1,1,0,0,1,1,0,1,0,0,0,0,0,0,0,1,0,0,0,1,1,1,1,1,1,0,0,0,1,1,1,1,0,1,0,1,1,0,0,0,0,0,1,1,1,1,0,0,0,0,0,0,0,0,0,0,0,0,0,0,0,0,0,0,0,0,0,0,5,4,5,5,2,1,5,5,3,2,2,4,5,4,2,4,1,5,2,1,1,1,1,1,0
24.0,2,1,5,1,1,1,1.0,0.0,1,,0.0,0.0,0.0,0,0,0,1,0,1,0,1,0,0,0,0,0,0,0,0,1,0,0,1,0,1,0,0,0,0,1,0,1,1,0,0,0,1,1,0,0,0,0,0,1,0,1,0,1,0,0,0,0,0,0,0,0,0,0,0,0,0,0,0,0,0,0,0,0,0,0,0,5,5,5,5,5,4,4,4,2,5,3,2,5,1,2,2,3,3,3,0,0,1,0,0,0
28.0,2,1,5,0,1,1,0.0,0.0,0,0.0,0.0,,0.0,0,0,0,0,0,0,0,0,0,0,0,0,0,0,0,1,0,0,0,0,0,0,0,0,0,0,0,0,0,0,0,0,0,0,0,0,0,0,0,0,1,0,1,1,0,0,1,0,1,0,0,0,1,0,0,0,0,0,0,1,0,0,0,0,0,0,0,0,4,5,4,5,5,4,5,3,1,3,5,4,5,5,5,5,3,2,2,0,0,0,0,0,0
60.0,1,1,5,1,1,0,1.0,1.0,1,1.0,1.0,0.0,0.0,0,0,0,1,1,1,1,1,1,1,0,0,0,0,1,1,1,1,1,1,1,1,1,1,0,0,1,0,1,0,0,0,0,0,0,0,0,0,0,0,1,0,0,0,0,0,0,0,0,0,0,0,0,0,0,0,0,0,0,0,0,0,0,0,0,0,0,0,1,5,4,4,4,4,5,4,2,2,2,4,2,4,3,5,2,4,5,0,0,0,0,0,0
26.0,2,1,1,1,1,1,,1.0,0,1.0,0.0,1.0,0.0,0,1,0,1,0,0,1,1,0,1,0,0,0,0,0,0,1,0,0,0,0,0,0,0,0,0,0,0,0,0,0,0,0,1,1,1,1,1,0,0,1,1,1,1,0,0,0,0,0,0,0,0,1,0,0,1,0,1,1,1,1,1,0,0,1,0,1,0,4,1,4,5,2,4,4,2,3,2,4,3,4,5,3,4,3,4,3,1,0,0,0,0,0
44.0,3,0,1,1,1,1,1.0,0.0,1,0.0,0.0,0.0,0.0,1,1,1,1,0,0,1,1,0,0,0,0,0,0,0,0,1,1,0,0,0,0,0,0,0,0,0,0,0,0,0,0,0,1,1,1,1,0,0,1,1,0,1,1,1,0,1,0,0,0,1,0,0,0,0,0,0,0,0,0,0,0,0,0,0,0,0,0,4,5,4,4,4,5,4,3,1,3,4,5,3,5,4,3,1,1,3,0,0,1,1,0,0
,1,0,5,0,1,0,,0.0,0,0.0,0.0,0.0,0.0,0,0,0,0,0,0,0,0,0,0,0,0,0,0,0,1,0,0,0,0,0,0,0,0,0,0,0,0,0,0,0,0,0,0,0,0,0,0,0,0,1,0,0,0,0,0,0,0,0,0,0,0,0,0,0,0,0,0,0,0,0,0,0,0,0,0,0,0,5,1,4,5,5,5,2,3,2,2,5,4,1,5,3,5,2,4,1,0,0,0,0,0,0
59.0,1,1,5,1,1,1,1.0,1.0,0,1.0,1.0,0.0,0.0,1,1,0,0,1,1,1,1,0,1,1,1,0,0,0,1,1,0,1,1,1,0,1,0,1,0,0,0,1,1,1,0,0,0,0,0,0,0,0,0,1,1,1,1,1,1,1,1,1,0,0,1,1,1,1,1,1,0,1,0,0,1,1,0,1,0,0,0,4,1,4,4,4,4,1,1,5,2,5,5,4,1,4,4,4,4,2,1,1,0,0,0,1
27.0,2,1,5,1,1,1,0.0,1.0,0,1.0,0.0,0.0,0.0,0,0,1,0,0,1,1,0,1,0,0,0,0,0,0,0,0,0,1,1,1,1,1,0,1,0,0,0,1,1,1,1,1,1,1,1,1,1,0,0,1,1,1,1,1,1,1,1,0,0,1,0,0,0,0,0,0,0,0,0,0,0,0,0,0,0,0,0,5,2,4,4,5,5,5,2,2,3,1,1,5,3,4,5,5,4,3,1,1,0,0,0,0
90.0,4,0,5,1,1,1,1.0,1.0,1,1.0,1.0,0.0,0.0,1,0,1,0,1,0,0,1,0,0,0,0,0,0,0,1,1,1,0,0,0,0,0,0,0,0,0,0,0,0,0,0,0,0,0,0,0,0,0,0,1,1,1,1,1,1,1,0,0,1,0,0,0,0,0,0,0,0,0,0,0,0,0,0,0,0,0,0,5,4,5,5,1,4,4,4,2,1,5,5,5,5,2,4,3,5,2,1,1,1,1,0,0
61.0,0,0,1,0,1,0,0.0,0.0,0,0.0,0.0,0.0,0.0,0,0,0,0,0,0,0,0,0,0,0,0,0,0,0,1,0,0,0,0,0,0,0,0,0,0,0,0,0,0,0,0,0,0,0,0,0,0,0,0,1,1,0,0,0,0,0,0,0,0,0,0,0,0,0,0,0,0,0,0,0,0,0,0,0,0,0,0,4,4,5,5,5,4,3,4,2,3,4,4,5,4,4,3,3,5,1,1,0,0,0,0,0
44.0,3,0,5,1,1,1,1.0,1.0,0,1.0,0.0,1.0,0.0,1,1,1,1,0,1,1,1,0,1,0,0,0,0,0,1,1,0,1,1,0,1,1,1,0,1,0,0,1,1,1,1,0,1,1,0,1,1,0,1,1,1,1,1,1,1,1,1,0,0,1,0,0,0,0,0,0,0,0,0,0,0,0,0,0,0,0,0,4,5,4,5,5,2,3,4,3,2,4,4,5,2,4,2,5,5,4,1,0,1,1,0,0
76.0,0,0,5,1,1,0,1.0,0.0,1,0.0,0.0,1.0,0.0,1,0,1,0,1,1,1,1,1,0,1,1,1,0,0,1,0,1,1,0,0,0,0,0,0,0,0,0,0,0,0,0,0,0,0,0,0,0,0,0,1,1,0,0,0,0,0,0,0,0,0,0,0,0,0,0,0,0,0,0,0,0,0,0,0,0,0,0,4,5,1,5,5,5,1,4,2,2,1,4,5,3,5,1,5,5,5,1,1,1,0,0,0
63.0,0,1,5,1,1,1,1.0,0.0,1,0.0,1.0,0.0,0.0,0,1,0,0,1,1,1,1,0,1,1,1,0,0,0,1,1,1,0,1,0,0,0,0,0,0,1,0,1,1,1,1,0,0,0,0,0,0,0,0,1,1,1,1,0,0,1,0,1,1,0,0,0,0,0,0,0,0,0,0,0,0,0,0,0,0,0,0,5,5,5,5,5,2,5,5,1,2,5,1,4,3,4,4,5,1,1,0,0,0,0,0,0
63.0,0,1,5,1,1,1,1.0,0.0,1,0.0,1.0,0.0,0.0,0,1,0,0,1,1,1,1,0,1,1,1,0,0,0,1,1,1,0,1,0,0,0,0,0,0,1,0,1,1,1,1,0,0,0,0,0,0,0,0,1,1,1,1,0,0,1,0,1,1,0,0,0,0,0,0,0,0,0,0,0,0,0,0,0,0,0,0,5,5,5,5,5,2,5,5,1,2,5,1,4,3,4,4,5,1,1,0,0,0,0,0,0
36.0,3,1,5,0,1,1,,0.0,0,0.0,0.0,0.0,0.0,0,0,0,0,0,0,0,0,0,0,0,0,0,0,0,0,0,0,0,0,0,0,0,0,0,0,0,0,0,0,0,0,0,0,0,0,0,0,0,0,0,1,1,0,0,0,1,1,0,1,1,1,0,0,0,0,0,0,0,0,0,0,0,0,0,0,0,0,4,4,4,1,1,5,4,1,2,2,1,2,1,5,5,3,4,3,2,0,0,0,0,0,0
30.0,3,1,2,0,1,0,0.0,0.0,0,0.0,0.0,0.0,0.0,0,0,0,0,0,0,0,0,0,0,0,0,0,0,0,0,0,0,0,0,0,0,0,0,0,0,0,0,0,0,0,0,0,0,0,0,0,0,0,0,0,1,0,0,0,0,0,0,0,0,0,0,0,0,0,0,0,0,0,0,0,0,0,0,0,0,0,0,5,2,4,4,5,5,5,4,3,1,5,4,4,3,3,4,5,2,3,1,0,0,0,0,0
51.0,1,0,,0,1,1,0.0,0.0,0,0.0,0.0,0.0,0.0,0,0,0,0,0,0,0,0,0,0,0,0,0,0,0,0,0,0,0,0,0,0,0,0,0,0,0,0,0,0,0,0,0,0,0,0,0,0,0,0,1,0,1,0,1,1,1,1,1,1,0,1,0,0,0,0,0,0,0,0,0,0,0,0,0,0,0,0,5,5,4,5,5,4,3,4,1,1,4,5,5,2,5,5,5,2,2,1,0,0,0,0,0
66.0,0,0,5,1,1,1,0.0,1.0,1,1.0,1.0,0.0,0.0,1,1,0,0,1,1,1,0,1,1,0,0,0,1,1,1,0,0,1,1,0,0,0,0,0,1,0,0,1,0,1,1,0,1,0,1,0,0,0,0,1,1,1,1,0,0,1,1,1,0,0,1,0,0,0,0,0,0,0,0,0,0,0,0,0,0,0,0,5,4,5,4,2,4,2,5,2,1,5,4,2,2,1,2,1,4,3,1,1,1,0,0,0
58.0,1,1,5,1,1,0,1.0,1.0,0,1.0,1.0,1.0,0.0,0,0,0,0,0,0,1,1,1,0,0,0,0,1,0,0,0,0,0,0,0,0,0,0,0,0,0,0,0,0,0,0,0,0,0,0,0,0,0,0,1,1,0,0,0,0,0,0,0,0,0,0,0,0,0,0,0,0,0,0,0,0,0,0,0,0,0,0,1,4,5,1,3,5,4,5,2,1,5,4,4,1,4,5,4,2,3,0,0,1,0,1,1
45.0,1,1,5,1,1,1,0.0,1.0,1,1.0,1.0,1.0,0.0,1,0,0,0,1,0,1,0,0,0,0,0,0,0,1,1,0,0,1,0,0,0,0,0,0,0,0,0,0,0,0,0,0,1,0,1,1,0,1,0,0,1,1,1,0,0,1,1,0,1,1,1,1,0,0,0,0,0,1,0,1,0,1,1,0,0,0,0,5,5,5,5,5,3,4,4,5,1,5,2,4,4,2,5,3,5,1,0,0,0,0,0,1
38.0,3,0,5,1,1,1,0.0,0.0,0,1.0,0.0,,0.0,1,0,1,0,0,1,1,1,0,1,0,0,1,0,1,1,0,0,0,0,0,0,0,0,0,0,0,0,0,0,0,0,0,1,1,1,1,1,0,1,1,1,1,0,1,1,1,1,1,0,0,1,1,0,0,0,0,0,1,1,1,1,1,0,1,1,0,1,5,4,4,5,4,2,4,4,3,2,4,5,4,5,3,2,4,3,4,0,0,1,0,0,1
66.0,0,0,5,1,1,1,1.0,1.0,1,1.0,0.0,0.0,0.0,1,0,1,1,0,1,1,1,1,0,1,1,0,0,0,1,0,0,0,1,0,1,0,0,0,1,0,0,1,1,1,1,0,1,1,0,1,0,0,1,0,1,1,1,0,0,1,1,1,1,0,0,0,0,0,0,0,0,0,0,0,0,0,0,0,0,0,0,4,3,4,4,4,5,4,4,2,2,3,3,5,4,1,5,2,2,4,0,0,1,0,0,0
37.0,3,1,5,1,1,1,0.0,,0,1.0,1.0,0.0,0.0,1,1,0,1,0,1,1,0,1,0,0,0,1,0,0,1,1,0,0,1,1,0,0,0,1,0,0,0,0,1,1,1,0,1,0,0,1,1,1,1,0,1,1,1,0,0,1,0,0,1,0,1,0,0,0,0,0,0,0,0,0,0,0,0,0,0,0,0,5,5,4,5,4,5,5,4,4,2,5,5,5,4,1,1,1,2,1,1,0,1,1,0,0
64.0,0,0,5,1,1,1,1.0,0.0,1,1.0,1.0,1.0,0.0,0,0,0,0,0,1,1,1,0,1,0,1,0,0,0,0,0,1,0,1,1,1,0,0,1,0,0,0,1,0,1,1,0,0,0,0,0,0,0,0,1,1,1,1,0,0,1,0,1,1,0,0,0,0,0,0,0,0,0,0,0,0,0,0,0,0,0,0,5,4,1,5,5,5,4,3,3,2,4,5,5,4,2,4,5,5,4,0,0,1,0,0,0
68.0,0,,5,1,1,1,1.0,1.0,1,0.0,0.0,0.0,0.0,1,0,0,1,0,1,1,0,1,1,1,0,0,1,1,1,0,0,1,1,1,1,0,0,0,0,0,1,1,0,1,1,0,1,0,1,0,0,0,1,1,1,1,1,0,0,1,1,0,1,0,1,0,0,0,0,0,0,0,0,0,0,0,0,0,0,0,0,5,5,2,5,5,4,5,4,1,1,3,4,4,2,4,2,4,1,3,1,0,1,0,0,0
42.0,3,0,2,0,1,0,0.0,0.0,0,0.0,0.0,0.0,0.0,0,0,0,0,0,0,0,0,0,0,0,0,0,0,0,1,0,0,0,0,0,0,0,0,0,0,0,0,0,0,0,0,0,0,0,0,0,0,0,0,1,0,0,0,0,0,0,0,0,0,0,0,0,0,0,0,0,0,0,0,0,0,0,0,0,0,0,0,5,2,1,4,3,5,4,4,3,5,4,4,4,4,4,5,4,1,4,1,0,0,0,0,0
83.0,4,0,5,0,1,1,0.0,0.0,0,0.0,0.0,0.0,0.0,0,0,0,0,0,0,0,0,0,0,0,0,0,0,0,1,0,0,0,0,0,0,0,0,0,0,0,0,0,0,0,0,0,0,0,0,0,0,0,0,1,1,1,1,1,1,1,0,0,0,0,0,0,0,0,0,0,0,0,0,0,0,0,0,0,0,0,0,4,4,4,5,5,1,1,3,1,2,4,4,3,2,5,3,5,5,5,0,0,0,0,0,0
66.0,0,1,5,1,1,1,1.0,1.0,1,1.0,1.0,0.0,0.0,0,0,0,0,0,1,0,1,0,0,0,0,0,0,0,1,0,0,1,0,0,0,0,0,0,0,0,0,0,0,0,0,0,1,0,1,1,0,0,0,1,1,1,1,0,0,1,0,1,1,0,0,0,0,0,0,0,0,0,0,0,0,0,0,0,0,0,0,2,4,4,4,2,3,4,4,1,5,4,4,4,4,5,4,5,4,4,0,0,1,0,0,0
38.0,3,0,2,1,1,0,0.0,1.0,0,0.0,0.0,0.0,0.0,1,1,1,1,0,1,0,1,0,0,0,0,0,0,0,1,1,0,0,0,0,0,0,0,0,0,0,0,0,0,0,0,0,0,0,0,0,0,0,0,0,1,0,0,0,0,0,0,0,0,0,0,0,0,0,0,0,0,0,0,0,0,0,0,0,0,0,0,4,5,5,5,5,4,4,1,4,3,4,5,4,1,2,1,3,4,1,0,0,1,0,0,0
30.0,3,0,5,1,1,1,0.0,0.0,0,0.0,0.0,1.0,0.0,1,0,1,0,0,1,1,0,1,0,0,1,0,0,0,1,0,1,0,1,1,0,1,0,1,0,0,0,1,0,1,1,0,1,0,0,1,0,0,0,1,1,1,0,0,0,1,1,1,1,1,0,1,1,1,1,1,1,0,1,0,0,0,0,0,0,0,0,4,5,5,5,5,1,5,5,2,5,4,4,2,4,4,4,1,3,4,1,1,1,0,0,0
36.0,3,1,1,1,1,1,1.0,,0,1.0,0.0,0.0,0.0,1,1,1,1,0,1,0,0,0,0,0,0,0,0,0,1,1,1,0,1,1,1,0,0,0,1,0,0,1,0,0,1,0,1,0,1,1,1,1,0,0,0,1,0,0,0,1,0,0,1,1,0,0,0,0,0,0,0,0,0,0,0,0,0,0,0,0,0,4,4,1,4,2,4,5,5,5,5,5,3,3,4,3,1,1,4,1,1,1,1,0,0,0
49.0,1,0,5,1,1,0,,1.0,1,0.0,1.0,1.0,0.0,1,1,0,0,1,1,1,0,1,1,1,0,1,0,0,1,1,1,0,1,0,0,1,0,1,0,0,0,1,0,1,0,0,0,0,0,0,0,0,0,1,1,0,0,0,0,0,0,0,0,0,0,0,0,0,0,0,0,0,0,0,0,0,0,0,0,0,0,5,4,4,4,4,4,5,4,4,1,1,5,5,2,4,3,4,4,5,0,0,1,1,0,0
,2,1,5,1,1,0,0.0,1.0,1,1.0,0.0,1.0,0.0,1,1,1,0,0,0,0,1,0,0,0,0,0,0,0,1,0,1,0,0,0,0,0,0,0,0,0,0,0,0,0,0,0,0,0,0,0,0,0,0,0,0,0,0,0,0,0,0,0,0,0,0,0,0,0,0,0,0,0,0,0,0,0,0,0,0,0,0,5,4,1,5,5,5,4,5,2,2,3,4,5,4,2,4,4,3,5,1,1,1,0,0,0
25.0,2,0,5,1,1,1,1.0,1.0,0,0.0,0.0,0.0,0.0,1,0,1,1,0,1,1,0,1,0,0,0,1,0,1,1,0,1,1,1,0,1,0,1,1,0,0,0,0,1,1,1,0,1,1,1,1,0,0,1,1,1,1,1,1,1,1,0,1,1,1,0,0,0,0,0,0,0,0,0,0,0,0,0,0,0,0,0,4,4,5,2,4,4,4,4,4,3,2,4,3,2,4,5,2,2,3,0,0,1,1,0,1
39.0,3,0,2,0,1,1,0.0,0.0,0,0.0,0.0,0.0,0.0,0,0,0,0,0,0,0,0,0,0,0,0,0,0,0,0,0,0,0,0,0,0,0,0,0,0,0,0,0,0,0,0,0,0,0,0,0,0,0,0,0,1,1,1,0,0,1,0,1,0,0,0,0,0,0,0,0,0,0,0,0,0,0,0,0,0,0,0,2,5,5,5,5,4,5,4,1,2,3,5,3,4,4,3,2,1,5,1,0,0,0,0,0
65.0,0,2,,1,1,1,0.0,1.0,1,1.0,1.0,0.0,0.0,1,1,1,0,0,1,1,0,1,0,0,1,1,0,0,1,1,0,0,1,1,0,0,0,0,1,0,0,0,1,0,1,0,1,0,1,1,0,0,1,1,1,1,0,0,0,1,0,1,0,1,0,0,0,0,0,0,0,0,0,0,0,0,0,0,0,0,0,1,2,5,5,4,4,5,4,1,1,3,3,1,4,4,4,5,2,5,1,1,1,0,0,0
66.0,0,0,5,1,1,1,1.0,1.0,1,1.0,0.0,1.0,0.0,0,0,1,0,1,1,1,0,1,1,1,1,0,0,0,1,0,0,0,0,0,0,0,0,0,0,0,0,0,0,0,0,0,1,1,0,1,1,1,0,1,0,1,1,1,1,0,0,0,0,0,0,1,1,0,0,0,0,1,1,1,1,0,1,1,0,0,0,3,5,3,4,5,4,4,4,3,1,5,5,5,1,5,5,2,1,5,0,0,1,0,0,0
,0,1,2,1,1,1,0.0,1.0,1,1.0,1.0,0.0,0.0,1,1,1,0,1,1,1,1,1,0,0,0,0,1,1,1,0,0,1,1,1,0,0,0,0,0,1,0,1,1,1,1,1,1,1,1,0,0,1,1,1,1,1,1,0,0,1,1,1,0,0,0,1,0,0,0,0,0,1,1,1,1,0,1,1,0,1,0,4,5,5,5,4,4,5,2,3,1,5,1,4,2,4,5,5,5,5,1,1,1,0,0,0
47.0,1,1,5,1,1,1,1.0,0.0,0,0.0,,0.0,0.0,1,1,0,0,0,1,1,0,1,1,0,0,0,0,0,1,0,0,0,0,0,0,0,0,0,0,0,0,0,0,0,0,0,1,1,1,1,1,1,0,1,1,1,0,0,0,0,0,0,0,0,0,0,0,0,0,0,0,0,0,0,0,0,0,0,0,0,0,4,4,5,1,5,4,2,1,1,2,5,5,2,5,1,1,5,3,4,1,0,1,0,0,0
48.0,1,0,1,0,1,1,0.0,0.0,0,0.0,0.0,0.0,0.0,0,0,0,0,0,0,0,0,0,0,0,0,0,0,0,1,0,0,0,0,0,0,0,0,0,0,0,0,0,0,0,0,0,0,0,0,0,0,0,0,1,1,1,1,0,0,0,0,0,0,0,0,1,0,0,1,0,1,0,1,0,0,0,0,0,0,0,0,5,5,5,4,4,3,5,2,5,2,5,3,1,5,3,1,4,1,3,1,0,0,0,0,0
34.0,3,0,5,0,1,1,0.0,0.0,0,0.0,0.0,0.0,0.0,0,0,0,0,0,0,0,0,0,0,0,0,0,0,0,1,0,0,0,0,0,0,0,0,0,0,0,0,0,0,0,0,0,0,0,0,0,0,0,0,1,0,1,1,1,1,1,1,0,1,1,1,0,0,0,0,0,0,0,0,0,0,0,0,0,0,0,0,3,5,5,5,1,4,4,3,5,1,5,5,1,4,1,5,5,4,3,0,0,0,0,0,0
55.0,1,0,5,0,1,1,1.0,0.0,0,1.0,0.0,,0.0,1,0,1,0,1,1,1,1,1,1,0,0,0,0,0,0,0,1,1,1,1,0,0,0,1,0,0,0,1,1,1,0,1,1,1,1,1,0,1,1,0,1,0,1,1,1,1,0,1,0,1,1,0,0,0,0,0,0,0,0,0,0,0,0,0,0,0,0,5,4,5,5,4,3,1,4,1,4,3,4,4,5,3,4,2,2,5,1,1,1,1,0,0
66.0,0,1,,1,1,0,1.0,0.0,1,0.0,1.0,1.0,0.0,1,0,1,0,0,1,1,0,1,1,1,1,0,0,0,1,1,0,1,1,0,1,1,0,1,0,0,0,1,1,1,1,1,0,0,0,0,0,0,0,1,1,0,0,0,0,0,0,0,0,0,0,1,0,0,0,0,0,0,1,0,0,0,0,0,0,0,0,4,5,4,4,5,4,5,5,5,4,1,4,3,5,2,1,4,5,2,1,0,1,1,1,0
58.0,1,,2,1,1,1,1.0,0.0,1,0.0,1.0,1.0,0.0,1,1,0,1,0,1,0,1,0,0,0,0,0,0,0,1,0,0,1,1,0,1,0,0,0,0,1,0,1,0,1,1,0,0,0,0,0,0,0,0,1,0,0,1,0,0,1,1,1,1,1,1,0,0,0,0,0,0,0,0,0,0,0,0,0,0,0,0,1,5,4,4,5,3,5,4,1,1,2,4,2,4,5,1,3,2,5,1,1,1,1,1,0
41.0,3,0,5,1,1,0,1.0,1.0,1,1.0,0.0,0.0,0.0,1,1,0,0,0,0,1,0,0,0,0,0,0,0,0,0,1,0,1,0,0,0,0,0,0,0,0,0,0,0,0,0,0,0,0,0,0,0,0,0,1,0,0,0,0,0,0,0,0,0,0,0,1,0,0,0,0,0,1,1,1,1,1,1,1,0,0,1,1,4,5,5,5,5,4,3,1,1,5,5,3,1,5,4,3,5,3,1,1,1,0,0,0
65.0,0,1,5,1,1,1,1.0,0.0,0,1.0,0.0,1.0,0.0,1,0,1,0,1,1,0,1,0,0,0,0,0,0,0,1,1,1,1,0,0,0,0,0,0,0,0,0,0,0,0,0,0,1,0,0,1,1,0,1,0,1,1,0,1,0,1,1,1,1,0,0,0,0,0,0,0,0,0,0,0,0,0,0,0,0,0,0,1,2,4,5,5,5,5,4,2,1,4,5,5,1,5,3,5,3,1,0,0,1,0,0,0
44.0,3,0,5,1,1,0,1.0,1.0,0,1.0,,0.0,0.0,1,1,0,1,0,1,1,1,0,0,0,1,0,0,0,1,0,0,1,1,1,1,0,0,0,0,1,0,1,1,1,0,1,0,0,0,0,0,0,0,0,0,0,0,0,0,0,0,0,0,0,0,1,1,0,0,0,0,0,1,0,0,0,0,0,0,0,0,4,2,4,1,4,3,5,5,2,1,5,4,1,4,1,3,4,5,1,0,0,1,0,0,0
51.0,1,0,2,1,1,1,1.0,1.0,1,1.0,1.0,1.0,0.0,0,1,0,1,0,1,1,0,1,0,0,0,0,1,1,1,0,0,0,1,1,0,0,1,0,1,0,0,0,1,1,1,0,1,1,1,1,0,0,0,1,0,1,1,0,0,1,0,1,1,1,0,0,0,0,0,0,0,0,0,0,0,0,0,0,0,0,0,5,4,4,4,3,4,4,5,1,2,5,5,4,5,4,1,3,2,4,0,0,1,1,0,1
25.0,2,0,2,1,1,1,0.0,0.0,1,1.0,0.0,1.0,0.0,0,1,0,1,1,1,1,0,1,0,1,1,0,0,0,1,1,0,1,0,0,0,0,0,0,0,0,0,0,0,0,0,0,1,0,1,0,0,0,0,1,1,1,1,1,1,1,1,1,1,1,1,0,0,0,0,0,0,0,0,0,0,0,0,0,0,0,0,4,4,5,4,5,4,5,5,2,2,2,4,5,4,4,4,1,4,5,1,1,1,0,0,0
54.0,1,0,5,1,1,1,0.0,1.0,0,1.0,0.0,0.0,0.0,1,0,0,1,1,1,1,0,1,0,0,0,1,0,0,1,1,0,0,0,0,0,0,0,0,0,0,0,0,0,0,0,0,1,1,1,1,1,0,0,0,0,1,0,1,1,1,1,1,1,1,1,0,0,0,0,0,0,0,0,0,0,0,0,0,0,0,0,4,5,2,4,5,1,5,1,2,2,5,4,4,1,5,5,2,3,3,0,0,0,0,0,0
83.0,4,0,5,1,1,1,1.0,1.0,1,1.0,0.0,0.0,0.0,1,1,0,1,0,1,1,1,0,0,0,0,0,0,0,0,0,0,1,1,0,1,0,1,0,1,0,0,1,0,0,1,0,1,0,0,1,1,0,0,1,1,1,0,0,0,1,1,0,0,0,1,0,0,0,0,0,0,0,0,0,0,0,0,0,0,0,0,2,5,4,5,5,5,5,4,2,3,4,4,4,4,4,3,4,3,4,1,1,1,0,0,0
47.0,1,0,5,1,1,0,1.0,1.0,1,1.0,0.0,,0.0,1,0,1,0,1,0,1,0,1,0,0,0,0,0,0,1,0,0,0,0,0,0,0,0,0,0,0,0,0,0,0,0,0,0,0,0,0,0,0,0,0,1,0,0,0,0,0,0,0,0,0,0,0,0,0,0,0,0,0,0,0,0,0,0,0,0,0,0,4,4,5,4,5,2,5,4,2,2,4,3,3,1,4,4,5,1,1,0,0,1,0,0,0
45.0,1,1,5,0,1,1,0.0,0.0,0,0.0,0.0,0.0,0.0,0,0,0,0,0,0,0,0,0,0,0,0,0,0,0,0,0,0,0,0,0,0,0,0,0,0,0,0,0,0,0,0,0,0,0,0,0,0,0,0,0,1,1,1,0,0,1,1,0,0,1,1,0,0,0,0,0,0,0,0,0,0,0,0,0,0,0,0,5,4,2,5,5,5,1,5,1,1,4,2,1,4,1,3,4,3,4,1,0,0,0,0,0
61.0,0,0,5,1,1,1,1.0,1.0,1,1.0,1.0,0.0,0.0,1,0,1,0,1,1,1,0,1,1,0,0,1,0,0,0,0,1,1,1,1,0,0,0,0,1,0,0,1,0,0,1,1,1,1,0,1,0,1,0,1,1,1,1,1,1,1,0,0,1,1,1,0,0,0,0,0,0,0,0,0,0,0,0,0,0,0,0,4,5,5,1,5,4,5,5,3,1,2,3,4,4,1,3,5,2,2,1,0,1,0,0,0
24.0,2,0,5,1,1,1,1.0,1.0,0,1.0,0.0,0.0,,0,0,0,0,1,1,1,1,0,1,1,1,1,0,0,1,1,1,1,0,0,0,0,0,0,0,0,0,0,0,0,0,0,1,1,1,1,0,0,0,0,1,1,1,1,1,1,1,0,0,0,0,0,0,0,0,0,0,0,0,0,0,0,0,0,0,0,0,4,1,4,3,1,3,5,4,1,1,4,5,5,4,5,1,4,3,5,1,1,1,0,0,0
64.0,0,0,3,0,1,1,0.0,0.0,0,0.0,0.0,0.0,0.0,0,0,0,0,0,0,0,0,0,0,0,0,0,0,0,1,0,0,0,0,0,0,0,0,0,0,0,0,0,0,0,0,0,0,0,0,0,0,0,0,1,1,1,1,1,1,1,1,0,1,1,0,0,0,0,0,0,0,0,0,0,0,0,0,0,0,0,0,2,1,5,1,5,4,5,4,1,2,4,5,4,4,3,1,4,4,4,0,0,0,0,0,0
59.0,1,1,2,1,1,1,1.0,1.0,1,1.0,0.0,0.0,0.0,1,0,0,1,0,1,1,1,0,0,0,1,0,0,0,1,1,1,0,1,1,0,0,0,0,0,1,0,1,0,0,1,1,1,1,1,0,0,0,0,0,1,1,1,0,0,1,0,1,0,1,0,0,0,0,0,0,0,0,0,0,0,0,0,0,0,0,0,2,4,1,4,4,4,3,4,5,5,3,3,4,3,3,5,4,3,1,1,1,1,1,0,0
62.0,0,0,5,1,1,1,1.0,0.0,1,1.0,1.0,1.0,0.0,1,0,0,0,0,1,1,1,1,1,1,0,0,1,0,1,0,0,0,1,0,1,0,0,0,0,1,0,1,0,0,0,1,1,0,0,0,0,0,1,1,1,1,1,1,1,1,1,1,1,0,0,0,0,0,0,0,0,0,0,0,0,0,0,0,0,0,0,3,5,3,5,4,2,4,2,1,2,3,4,3,4,3,5,4,2,3,1,1,1,0,0,0
68.0,0,1,1,1,1,1,0.0,0.0,1,1.0,1.0,0.0,0.0,1,1,1,0,1,1,0,0,0,0,0,0,0,0,0,1,1,1,0,1,1,1,0,0,0,1,0,0,1,0,0,0,0,1,0,0,0,0,0,1,0,0,1,1,0,0,1,0,1,0,0,1,0,0,0,0,0,0,0,0,0,0,0,0,0,0,0,0,4,5,4,4,4,5,2,5,1,2,5,5,4,5,4,2,1,3,4,1,0,1,0,0,0
53.0,1,0,,1,1,1,1.0,0.0,1,0.0,1.0,0.0,0.0,1,0,0,0,1,1,1,1,1,0,0,1,0,0,0,1,0,1,1,0,0,0,0,0,0,0,0,0,0,0,0,0,0,1,1,1,1,1,1,0,1,0,1,0,1,0,1,1,1,1,1,1,0,0,0,0,0,0,0,0,0,0,0,0,0,0,0,0,4,5,4,4,3,5,1,4,2,1,4,4,1,2,2,2,4,2,5,0,0,1,1,0,0
48.0,1,0,1,1,1,1,1.0,1.0,1,,0.0,0.0,0.0,1,0,0,1,1,1,0,1,0,0,0,0,0,0,0,0,1,0,1,0,0,0,0,0,0,0,0,0,0,0,0,0,0,1,1,1,0,0,0,0,1,1,0,1,1,1,1,0,0,1,0,0,0,0,0,0,0,0,0,0,0,0,0,0,0,0,0,0,2,1,4,5,3,2,5,1,1,1,4,5,5,4,4,2,4,2,4,1,0,1,0,0,0
25.0,2,0,1,1,1,0,0.0,0.0,0,0.0,0.0,1.0,0.0,0,0,1,0,0,1,0,1,0,0,0,0,0,0,0,1,0,1,0,1,0,1,0,0,0,1,0,0,1,0,1,1,0,0,0,0,0,0,0,0,1,1,0,0,0,0,0,0,0,0,0,0,0,0,0,0,0,0,0,0,0,0,0,0,0,0,0,0,2,5,1,4,4,4,4,4,1,1,2,4,5,3,2,4,2,2,4,1,0,0,0,0,0
74.0,0,0,,0,1,1,0.0,,0,0.0,0.0,0.0,0.0,0,0,0,0,0,0,0,0,0,0,0,0,0,0,0,0,0,0,0,0,0,0,0,0,0,0,0,0,0,0,0,0,0,0,0,0,0,0,0,0,1,1,1,1,0,0,0,0,0,0,0,0,0,0,0,0,0,0,0,0,0,0,0,0,0,0,0,0,4,5,5,5,4,5,5,5,2,2,1,4,5,5,5,5,3,4,3,0,0,0,0,0,0
50.0,1,,5,0,1,1,,0.0,0,0.0,0.0,0.0,0.0,0,0,0,0,0,0,0,0,0,0,0,0,0,0,0,0,0,0,0,0,0,0,0,0,0,0,0,0,0,0,0,0,0,0,0,0,0,0,0,0,0,0,1,1,1,1,1,1,1,1,1,1,0,0,0,0,0,0,0,0,0,0,0,0,0,0,0,0,4,5,4,4,5,5,1,5,2,5,4,5,4,4,4,3,5,5,1,0,0,0,0,0,0
44.0,3,1,1,1,1,0,0.0,0.0,0,1.0,1.0,0.0,,1,0,0,1,0,1,1,0,0,0,0,0,0,0,0,1,0,0,0,1,1,0,1,0,0,0,1,0,1,0,0,0,0,0,0,0,0,0,0,0,0,1,0,0,0,0,0,0,0,0,0,0,0,0,0,0,0,0,0,0,0,0,0,0,0,0,0,0,5,4,4,5,4,4,3,4,1,1,4,5,5,5,5,2,4,3,5,1,1,1,0,0,0
44.0,3,1,1,1,1,0,0.0,0.0,0,1.0,1.0,0.0,,1,0,0,1,0,1,1,0,0,0,0,0,0,0,0,1,0,0,0,1,1,0,1,0,0,0,1,0,1,0,0,0,0,0,0,0,0,0,0,0,0,1,0,0,0,0,0,0,0,0,0,0,0,0,0,0,0,0,0,0,0,0,0,0,0,0,0,0,5,4,4,5,4,4,3,4,1,1,4,5,5,5,5,2,4,3,5,1,1,1,0,0,0
72.0,0,0,,1,1,1,1.0,1.0,0,1.0,1.0,1.0,0.0,1,1,0,1,0,1,1,1,1,0,0,1,1,0,0,1,1,0,1,0,0,0,0,0,0,0,0,0,0,0,0,0,0,1,1,0,1,1,1,0,0,1,1,1,0,0,0,0,0,0,0,0,0,0,0,0,0,0,0,0,0,0,0,0,0,0,0,0,5,4,5,1,4,5,4,3,1,1,4,5,5,1,2,3,1,3,5,1,1,1,0,0,0
51.0,1,1,5,1,1,0,1.0,1.0,1,1.0,1.0,1.0,0.0,1,1,0,0,1,1,0,0,0,0,0,0,0,0,0,1,1,1,1,1,1,1,1,0,0,1,0,0,1,1,1,0,0,0,0,0,0,0,0,0,1,1,0,0,0,0,0,0,0,0,0,0,1,1,0,0,0,0,0,1,0,0,0,0,0,0,0,0,4,5,1,4,4,5,5,5,5,2,3,4,4,4,5,4,5,4,5,1,1,1,0,0,0
32.0,3,0,5,0,1,1,0.0,0.0,0,0.0,,0.0,0.0,0,0,0,0,0,0,0,0,0,0,0,0,0,0,0,1,0,0,0,0,0,0,0,0,0,0,0,0,0,0,0,0,0,0,0,0,0,0,0,0,1,1,1,1,0,0,1,1,1,1,1,1,0,0,0,0,0,0,0,0,0,0,0,0,0,0,0,0,4,4,4,5,5,5,5,1,1,2,3,4,5,5,5,1,4,1,1,1,0,0,0,0,0
29.0,3,0,5,0,1,1,,0.0,0,0.0,0.0,0.0,0.0,0,0,0,0,0,0,0,0,0,0,0,0,0,0,0,1,0,0,0,0,0,0,0,0,0,0,0,0,0,0,0,0,0,0,0,0,0,0,0,0,1,1,1,0,1,1,1,1,1,1,1,1,0,0,0,0,0,0,0,0,0,0,0,0,0,0,0,0,5,1,4,4,4,5,4,4,1,1,2,3,1,5,4,5,4,4,3,1,0,0,0,0,0
47.0,1,1,,1,1,1,1.0,1.0,0,,0.0,0.0,1.0,1,0,1,0,0,1,0,1,0,0,0,0,0,0,0,1,1,1,0,0,0,0,0,0,0,0,0,0,0,0,0,0,0,0,0,0,0,0,0,0,1,0,1,0,1,0,0,0,0,0,0,0,0,0,0,0,0,0,0,0,0,0,0,0,0,0,0,0,1,5,5,5,5,3,5,3,1,1,4,5,5,5,5,4,2,1,4,0,0,1,0,0,0
71.0,0,0,5,1,1,1,1.0,1.0,1,1.0,0.0,0.0,0.0,1,0,0,0,0,1,0,1,0,0,0,0,0,0,0,1,0,0,1,0,0,0,0,0,0,0,0,0,0,0,0,0,0,1,0,0,0,1,1,0,1,1,0,1,1,1,0,0,0,0,0,0,0,0,0,0,0,0,0,0,0,0,0,0,0,0,0,0,4,5,4,4,1,4,4,3,1,1,4,3,3,1,5,5,4,1,1,1,0,1,0,0,0
,3,0,1,0,1,0,0.0,0.0,0,0.0,0.0,,0.0,0,0,0,0,0,0,0,0,0,0,0,0,0,0,0,1,0,0,0,0,0,0,0,0,0,0,0,0,0,0,0,0,0,0,0,0,0,0,0,0,1,1,0,0,0,0,0,0,0,0,0,0,0,0,0,0,0,0,0,0,0,0,0,0,0,0,0,0,5,4,5,4,4,4,5,5,2,1,1,4,3,4,1,2,2,2,4,0,0,0,0,0,0
18.0,2,0,5,1,1,1,1.0,1.0,0,1.0,1.0,0.0,,0,1,0,1,0,1,1,0,1,1,0,0,0,1,0,1,0,0,1,1,1,1,0,0,0,0,0,1,1,0,0,1,0,0,0,0,0,0,0,0,1,1,1,1,1,1,1,1,1,0,1,1,0,0,0,0,0,0,0,0,0,0,0,0,0,0,0,0,3,5,5,5,4,4,4,1,2,1,4,4,4,1,1,5,1,3,5,0,0,1,0,0,0
55.0,1,1,5,1,1,0,1.0,,0,1.0,1.0,1.0,,0,1,0,0,0,1,1,0,1,0,0,1,0,1,1,1,1,0,0,0,0,0,0,0,0,0,0,0,0,0,0,0,0,0,0,0,0,0,0,0,0,1,0,0,0,0,0,0,0,0,0,0,0,0,0,0,0,0,0,0,0,0,0,0,0,0,0,0,5,4,5,5,3,5,4,5,3,2,2,5,5,4,3,5,3,4,3,0,0,1,0,0,0
67.0,0,0,2,1,1,1,1.0,0.0,1,0.0,0.0,1.0,1.0,0,0,0,1,1,1,1,0,0,0,0,0,0,0,1,1,1,1,1,1,1,1,0,0,0,1,0,0,1,0,0,1,1,0,0,0,0,0,0,0,1,1,1,0,1,1,1,0,1,0,0,1,1,0,0,0,0,1,0,1,0,0,0,0,0,0,0,0,3,4,5,3,5,5,5,4,2,1,3,5,5,5,4,1,1,3,5,1,1,1,1,1,0
39.0,3,0,5,1,1,1,0.0,0.0,0,0.0,0.0,1.0,0.0,0,0,0,1,1,1,0,0,0,0,0,0,0,0,0,0,1,0,1,1,1,0,0,0,0,0,0,1,0,0,1,1,0,1,1,0,1,1,0,1,1,1,0,1,1,1,1,0,0,1,0,0,0,0,0,0,0,0,0,0,0,0,0,0,0,0,0,0,1,4,4,4,5,2,1,5,1,2,1,4,5,5,5,4,4,3,2,0,0,1,0,1,0
43.0,3,1,5,1,1,1,1.0,0.0,0,,1.0,1.0,0.0,1,1,0,1,0,1,1,0,1,1,1,0,0,0,0,1,1,1,0,1,1,1,0,0,1,0,0,0,1,1,0,0,1,1,1,0,0,0,1,0,0,0,1,1,1,1,0,0,0,0,0,0,1,0,0,1,0,0,0,1,0,0,0,0,0,0,0,0,5,5,5,3,4,5,2,1,2,1,3,4,4,4,3,3,3,2,4,1,1,1,0,1,0
65.0,0,1,5,1,1,1,1.0,1.0,1,1.0,0.0,0.0,0.0,1,0,0,0,0,1,1,0,0,1,0,1,0,0,0,0,0,1,1,0,0,0,0,0,0,0,0,0,0,0,0,0,0,1,0,1,0,1,0,1,0,1,1,0,1,1,1,1,1,1,0,0,0,0,0,0,0,0,0,0,0,0,0,0,0,0,0,0,4,5,4,2,4,5,4,1,2,1,5,1,4,5,4,5,1,3,5,0,0,0,0,0,0
55.0,1,1,5,0,1,0,1.0,1.0,0,1.0,1.0,1.0,0.0,0,1,0,1,1,0,0,0,0,0,0,0,0,0,0,1,1,1,0,0,0,0,0,0,0,0,0,0,0,0,0,0,0,0,0,0,0,0,0,0,0,1,0,0,0,0,0,0,0,0,0,0,0,0,0,0,0,0,0,0,0,0,0,0,0,0,0,0,5,3,3,3,5,4,4,5,2,1,5,5,3,5,3,4,2,5,4,0,0,0,0,1,0
70.0,0,0,3,0,1,1,0.0,0.0,0,,0.0,0.0,0.0,0,0,0,0,0,0,0,0,0,0,0,0,0,0,0,1,0,0,0,0,0,0,0,0,0,0,0,0,0,0,0,0,0,0,0,0,0,0,0,0,1,1,1,1,0,0,1,0,1,0,1,0,0,0,0,0,0,0,0,0,0,0,0,0,0,0,0,0,4,4,1,4,3,1,3,5,3,4,5,4,3,2,5,4,3,5,5,0,0,0,0,0,0
53.0,1,0,5,1,1,1,1.0,,0,1.0,0.0,0.0,0.0,1,0,1,1,0,1,1,0,0,0,0,0,0,0,0,1,1,1,0,0,0,0,0,0,0,0,0,0,0,0,0,0,0,1,0,0,1,0,0,0,0,1,1,1,1,1,1,1,1,1,0,1,0,0,0,0,0,0,0,0,0,0,0,0,0,0,0,0,4,3,4,4,4,4,5,4,2,2,4,3,4,4,3,3,2,2,5,1,0,1,0,0,0
34.0,3,1,5,0,1,0,0.0,0.0,0,0.0,0.0,0.0,,0,0,0,0,0,0,0,0,0,0,0,0,0,0,0,1,0,0,0,0,0,0,0,0,0,0,0,0,0,0,0,0,0,0,0,0,0,0,0,0,1,0,0,0,0,0,0,0,0,0,0,0,0,0,0,0,0,0,0,0,0,0,0,0,0,0,0,0,2,3,4,5,4,5,5,2,4,1,2,4,5,4,2,5,5,4,5,0,0,0,0,0,0
57.0,1,1,5,1,1,1,1.0,0.0,0,1.0,0.0,1.0,,0,0,0,0,0,1,1,1,0,0,1,0,0,0,0,1,1,0,0,1,0,0,1,0,0,1,0,0,1,0,1,1,0,1,0,1,1,0,0,0,0,1,1,1,0,0,1,1,1,0,0,0,0,0,0,0,0,0,0,0,0,0,0,0,0,0,0,0,5,4,4,1,1,5,5,5,3,1,3,2,5,3,1,4,4,3,4,1,1,1,0,0,1
56.0,1,1,1,0,1,1,0.0,0.0,0,0.0,0.0,0.0,,0,0,0,0,0,0,0,0,0,0,0,0,0,0,0,0,0,0,0,0,0,0,0,0,0,0,0,0,0,0,0,0,0,0,0,0,0,0,0,0,1,0,1,1,0,0,1,1,0,0,1,0,0,0,0,0,0,0,0,0,0,0,0,0,0,0,0,0,4,4,1,4,5,2,4,1,2,2,2,4,5,4,5,3,1,3,4,1,0,0,0,0,0
46.0,1,0,5,1,1,1,1.0,1.0,1,1.0,0.0,1.0,0.0,1,0,0,1,1,1,1,0,1,0,1,1,0,0,0,1,1,1,1,1,0,1,0,0,0,0,1,0,1,1,1,1,1,1,1,0,1,1,0,0,1,1,1,0,1,1,1,1,0,1,0,1,0,0,0,0,0,0,0,0,0,0,0,0,0,0,0,0,1,4,4,4,5,4,4,4,3,4,5,4,5,3,2,4,1,4,3,0,0,1,0,0,0
66.0,0,1,1,1,1,0,1.0,0.0,1,0.0,0.0,0.0,0.0,0,0,1,0,0,0,0,0,0,0,0,0,0,0,0,1,1,1,0,0,0,0,0,0,0,0,0,0,0,0,0,0,0,0,0,0,0,0,0,0,1,1,0,0,0,0,0,0,0,0,0,0,0,0,0,0,0,0,0,0,0,0,0,0,0,0,0,0,5,5,4,5,5,4,1,4,2,5,2,5,5,2,2,5,1,3,5,1,0,1,0,0,0
90.0,4,0,2,1,1,1,1.0,1.0,1,1.0,1.0,0.0,0.0,1,0,0,0,0,1,1,1,1,1,0,1,0,0,0,1,0,1,0,0,0,0,0,0,0,0,0,0,0,0,0,0,0,1,0,0,1,1,0,0,1,1,1,1,1,1,1,0,1,0,0,0,0,0,0,0,0,0,0,0,0,0,0,0,0,0,0,0,5,4,5,4,4,4,4,5,1,3,3,4,1,4,5,5,4,5,5,1,1,1,0,0,0
37.0,3,1,1,0,1,0,0.0,0.0,0,0.0,0.0,0.0,0.0,0,0,0,0,0,0,0,0,0,0,0,0,0,0,0,1,0,0,0,0,0,0,0,0,0,0,0,0,0,0,0,0,0,0,0,0,0,0,0,0,1,0,0,0,0,0,0,0,0,0,0,0,0,0,0,0,0,0,0,0,0,0,0,0,0,0,0,0,5,4,4,5,4,4,2,5,1,2,4,2,5,5,5,2,5,4,5,0,0,0,0,0,0
33.0,3,1,5,0,1,1,0.0,0.0,0,,0.0,0.0,0.0,0,0,0,0,0,0,0,0,0,0,0,0,0,0,0,1,0,0,0,0,0,0,0,0,0,0,0,0,0,0,0,0,0,0,0,0,0,0,0,0,0,1,1,1,1,1,1,1,0,0,1,0,1,1,0,1,0,0,1,1,0,0,0,0,0,0,0,0,4,3,4,4,1,4,3,4,2,2,4,2,5,1,3,3,4,3,2,0,0,0,0,0,0
29.0,3,1,,1,1,0,1.0,1.0,0,1.0,1.0,1.0,0.0,1,1,0,0,0,0,1,1,0,1,0,1,1,0,1,1,0,0,0,0,0,0,0,0,0,0,0,0,0,0,0,0,0,0,0,0,0,0,0,0,1,0,0,0,0,0,0,0,0,0,0,0,0,0,0,0,0,0,0,0,0,0,0,0,0,0,0,0,4,5,4,5,5,5,1,2,2,5,2,4,5,4,5,5,4,3,3,1,0,1,0,0,0
35.0,3,1,5,0,1,0,0.0,0.0,0,0.0,0.0,0.0,0.0,0,0,0,0,0,0,0,0,0,0,0,0,0,0,0,0,0,0,0,0,0,0,0,0,0,0,0,0,0,0,0,0,0,0,0,0,0,0,0,0,1,1,0,0,0,0,0,0,0,0,0,0,0,0,0,0,0,0,0,0,0,0,0,0,0,0,0,0,3,5,5,5,3,4,5,4,5,1,5,4,5,5,4,4,1,5,2,1,0,0,0,0,0
,1,0,5,1,1,1,1.0,0.0,1,1.0,0.0,0.0,0.0,1,0,0,0,1,1,1,1,1,0,0,1,0,0,0,1,0,1,0,1,0,1,0,0,0,1,0,0,1,0,0,1,1,1,0,1,1,0,1,0,1,1,1,1,1,1,1,1,0,1,1,1,1,1,0,0,1,0,1,1,0,1,1,0,0,0,1,0,4,5,5,4,4,5,4,5,5,2,4,5,4,5,2,4,2,4,3,0,0,1,0,0,0
18.0,2,0,5,1,1,0,1.0,1.0,0,1.0,1.0,1.0,0.0,1,1,1,1,1,1,1,1,1,0,0,1,1,0,0,1,1,1,0,1,1,0,0,0,0,0,0,1,1,1,0,0,1,0,0,0,0,0,0,0,0,1,0,0,0,0,0,0,0,0,0,0,0,0,0,0,0,0,0,0,0,0,0,0,0,0,0,0,4,4,4,5,5,4,4,4,1,1,1,5,2,5,5,5,5,1,5,0,0,1,0,0,0
76.0,0,0,2,1,1,1,1.0,1.0,1,1.0,0.0,1.0,0.0,1,0,0,1,0,1,0,1,0,0,0,0,0,0,0,1,0,0,1,1,0,1,0,1,1,0,0,0,1,0,1,1,0,1,0,1,1,0,1,1,1,1,0,0,0,0,1,1,0,1,1,1,0,0,0,0,0,0,0,0,0,0,0,0,0,0,0,0,5,5,4,5,5,4,5,4,2,1,5,4,4,3,2,1,5,2,4,0,0,1,0,0,0
65.0,0,0,5,1,1,1,1.0,0.0,0,1.0,0.0,0.0,0.0,0,1,0,0,1,0,1,0,0,0,1,0,0,1,0,1,1,0,1,0,0,0,0,0,0,0,0,0,0,0,0,0,0,0,0,0,0,0,0,0,1,1,1,1,0,0,1,1,1,1,1,1,0,0,0,0,0,0,0,0,0,0,0,0,0,0,0,0,3,4,4,2,1,2,4,1,4,3,5,4,4,5,5,2,4,4,5,1,0,1,1,0,0
27.0,2,1,5,1,1,0,1.0,1.0,1,1.0,0.0,,0.0,0,1,1,0,0,1,1,1,1,1,1,1,0,0,0,1,1,1,1,1,0,1,0,0,1,0,0,0,0,0,0,0,1,0,0,0,0,0,0,0,1,1,0,0,0,0,0,0,0,0,0,0,0,0,0,0,0,0,0,0,0,0,0,0,0,0,0,0,4,5,4,4,4,4,4,5,2,4,5,5,4,5,3,4,4,3,3,0,0,0,0,0,0
38.0,3,0,5,0,1,0,0.0,,0,0.0,0.0,0.0,,0,0,0,0,0,0,0,0,0,0,0,0,0,0,0,1,0,0,0,0,0,0,0,0,0,0,0,0,0,0,0,0,0,0,0,0,0,0,0,0,1,1,0,0,0,0,0,0,0,0,0,0,0,0,0,0,0,0,0,0,0,0,0,0,0,0,0,0,5,4,1,3,5,5,5,1,1,1,5,4,4,4,4,1,3,5,1,0,0,0,0,0,0
30.0,3,1,2,1,1,1,1.0,0.0,0,1.0,0.0,1.0,0.0,0,0,1,0,0,1,1,0,1,0,1,0,0,0,0,1,1,1,1,1,1,0,1,1,1,0,0,0,1,0,1,1,1,0,0,0,0,0,0,0,1,1,1,1,0,0,1,0,1,1,0,1,0,0,0,0,0,0,0,0,0,0,0,0,0,0,0,0,1,5,4,3,5,4,5,4,4,5,5,4,3,2,2,1,5,5,2,0,0,1,0,1,0
30.0,3,1,5,1,1,1,1.0,1.0,1,1.0,0.0,0.0,0.0,0,0,0,0,0,1,1,0,1,0,0,0,0,1,0,1,1,1,1,1,0,0,0,1,0,1,0,0,1,0,0,0,0,1,1,1,1,1,1,0,1,0,1,1,1,1,1,1,1,0,0,1,0,0,0,0,0,0,0,0,0,0,0,0,0,0,0,0,5,2,4,4,5,1,1,4,2,2,3,4,3,5,2,5,5,4,4,1,1,1,0,0,0
41.0,3,0,2,1,1,1,0.0,1.0,0,1.0,1.0,1.0,0.0,1,1,0,0,1,1,0,1,0,0,0,0,0,0,0,1,0,1,0,0,0,0,0,0,0,0,0,0,0,0,0,0,0,1,0,1,0,1,1,0,1,1,1,1,0,0,1,1,1,1,0,1,1,0,0,0,0,0,1,0,1,0,0,1,0,1,0,0,5,4,4,5,5,5,4,4,2,1,3,5,3,3,1,5,4,2,5,1,0,1,0,1,1
43.0,3,1,5,1,1,1,0.0,,0,,,0.0,0.0,1,1,1,0,1,1,0,1,0,0,0,0,0,0,0,1,1,0,1,1,0,1,0,0,1,0,0,0,1,0,0,0,1,1,1,0,0,1,0,0,1,0,1,1,0,0,1,1,1,0,1,1,0,0,0,0,0,0,0,0,0,0,0,0,0,0,0,0,5,5,5,5,5,1,4,3,2,1,3,4,5,1,4,4,5,4,1,0,0,1,0,0,0
85.0,4,1,2,1,1,0,1.0,0.0,1,1.0,1.0,1.0,0.0,1,0,1,0,1,1,1,0,1,1,0,0,0,0,0,0,1,0,1,1,1,1,0,0,1,0,0,0,1,0,0,0,1,0,0,0,0,0,0,0,0,1,0,0,0,0,0,0,0,0,0,0,0,0,0,0,0,0,0,0,0,0,0,0,0,0,0,0,4,5,4,5,4,2,5,4,1,2,4,1,3,4,5,1,2,5,1,0,0,1,1,0,1
45.0,1,1,5,1,1,1,1.0,1.0,0,0.0,1.0,1.0,0.0,1,0,1,0,1,1,1,1,1,0,0,0,0,0,0,1,1,1,0,1,1,0,1,1,1,0,0,0,1,1,0,1,0,1,1,0,1,1,0,0,1,0,1,1,0,0,1,0,1,1,1,1,0,0,0,0,0,0,0,0,0,0,0,0,0,0,0,0,5,5,4,4,2,5,4,1,4,1,2,3,4,4,3,5,3,2,2,1,1,1,0,0,0
37.0,3,1,5,1,1,0,1.0,1.0,1,,0.0,1.0,0.0,1,0,1,1,0,1,1,0,1,0,0,0,0,0,0,1,0,0,0,0,0,0,0,0,0,0,0,0,0,0,0,0,0,0,0,0,0,0,0,0,0,0,0,0,0,0,0,0,0,0,0,0,0,0,0,0,0,0,0,0,0,0,0,0,0,0,0,0,5,5,5,1,5,4,5,5,2,5,1,3,1,5,5,5,2,2,4,0,0,0,0,0,0
42.0,3,0,5,1,1,1,,1.0,1,1.0,1.0,,0.0,1,1,1,0,0,1,1,0,0,0,0,0,1,0,1,0,1,1,0,0,0,0,0,0,0,0,0,0,0,0,0,0,0,0,0,0,0,0,0,0,1,0,1,0,1,1,1,1,1,1,0,1,0,0,0,0,0,0,0,0,0,0,0,0,0,0,0,0,1,4,4,4,3,5,5,5,2,1,5,3,3,4,3,4,2,3,4,0,0,1,0,0,0
34.0,3,1,5,1,1,0,0.0,1.0,0,1.0,0.0,1.0,1.0,1,0,0,1,0,1,0,1,0,0,0,0,0,0,0,1,1,0,1,0,0,0,0,0,0,0,0,0,0,0,0,0,0,0,0,0,0,0,0,0,1,1,0,0,0,0,0,0,0,0,0,0,0,0,0,0,0,0,0,0,0,0,0,0,0,0,0,0,4,5,1,4,5,1,4,4,1,1,5,4,5,2,5,2,4,2,3,0,0,0,0,0,0
62.0,0,0,2,0,1,1,0.0,0.0,0,0.0,0.0,,0.0,0,0,0,0,0,0,0,0,0,0,0,0,0,0,0,1,0,0,0,0,0,0,0,0,0,0,0,0,0,0,0,0,0,0,0,0,0,0,0,0,1,1,1,1,1,0,1,0,0,1,0,1,0,0,0,0,0,0,0,0,0,0,0,0,0,0,0,0,5,2,4,5,3,5,4,5,2,2,5,5,5,5,5,2,5,5,4,1,0,0,0,0,0
56.0,1,0,5,1,1,1,1.0,1.0,0,,1.0,1.0,0.0,1,0,0,1,1,1,1,0,1,0,0,0,0,0,0,1,0,1,0,1,1,1,0,0,0,1,0,0,1,0,1,0,0,1,1,1,1,0,1,1,1,0,1,0,1,1,1,1,1,1,1,0,1,0,0,0,0,0,1,1,1,0,0,0,1,0,0,1,5,5,4,2,4,3,5,5,1,2,5,4,3,5,5,1,2,4,5,1,1,1,1,0,0
26.0,2,0,5,1,1,1,0.0,0.0,0,1.0,1.0,1.0,0.0,0,0,1,0,0,1,0,0,0,0,0,0,0,0,0,1,0,0,0,0,0,0,0,0,0,0,0,0,0,0,0,0,0,1,1,1,1,1,1,0,0,1,0,1,0,0,0,0,0,0,0,0,0,0,0,0,0,0,0,0,0,0,0,0,0,0,0,0,5,5,4,4,5,5,2,2,1,4,5,4,2,5,1,4,5,4,3,1,1,1,1,0,1
19.0,2,0,5,1,1,0,0.0,1.0,0,0.0,0.0,0.0,0.0,0,0,0,0,0,0,0,1,0,0,0,0,0,0,0,1,0,1,1,0,0,0,0,0,0,0,0,0,0,0,0,0,0,0,0,0,0,0,0,0,0,1,0,0,0,0,0,0,0,0,0,0,0,0,0,0,0,0,0,0,0,0,0,0,0,0,0,0,4,4,5,4,5,4,4,4,2,2,4,3,3,2,4,5,5,2,3,0,0,1,1,0,0
61.0,0,1,5,0,1,1,0.0,0.0,0,0.0,0.0,0.0,0.0,0,0,0,0,0,0,0,0,0,0,0,0,0,0,0,1,0,0,0,0,0,0,0,0,0,0,0,0,0,0,0,0,0,0,0,0,0,0,0,0,1,0,1,1,0,0,1,0,0,1,1,0,1,1,0,1,0,0,1,0,0,0,1,0,0,0,0,0,5,4,5,2,5,4,3,4,2,4,5,5,5,5,4,5,2,3,4,0,0,0,0,0,0
76.0,0,0,0,1,1,1,1.0,1.0,0,1.0,1.0,0.0,0.0,0,1,0,0,1,1,1,0,1,0,0,0,0,0,0,0,0,1,0,0,0,0,0,0,0,0,0,0,0,0,0,0,0,1,1,0,1,1,1,0,0,1,1,1,1,1,1,1,1,0,0,1,0,0,0,0,0,0,0,0,0,0,0,0,0,0,0,0,1,4,5,2,4,5,1,5,1,1,4,5,4,5,3,1,5,2,4,1,0,1,0,0,0
55.0,1,0,5,0,1,1,0.0,0.0,0,0.0,0.0,0.0,0.0,0,0,0,0,0,0,0,0,0,0,0,0,0,0,0,1,0,0,0,0,0,0,0,0,0,0,0,0,0,0,0,0,0,0,0,0,0,0,0,0,0,0,1,1,1,0,1,1,1,0,1,1,0,0,0,0,0,0,0,0,0,0,0,0,0,0,0,0,4,4,5,4,2,5,1,5,3,4,1,4,1,3,2,2,1,4,2,0,0,0,0,0,0
59.0,1,1,5,1,1,1,,0.0,0,0.0,1.0,0.0,0.0,1,0,0,1,0,1,0,0,0,0,0,0,0,0,0,1,1,1,0,1,1,1,1,0,1,0,0,0,0,0,1,1,1,0,0,0,0,0,0,0,1,0,1,1,1,1,1,1,1,0,1,0,0,0,0,0,0,0,0,0,0,0,0,0,0,0,0,0,5,3,4,5,4,4,2,4,1,1,3,1,5,1,5,4,4,5,5,0,0,1,0,1,0
39.0,3,0,2,0,1,1,0.0,0.0,0,0.0,,0.0,0.0,0,0,0,0,0,0,0,0,0,0,0,0,0,0,0,1,0,0,0,0,0,0,0,0,0,0,0,0,0,0,0,0,0,0,0,0,0,0,0,0,1,1,0,1,0,0,1,0,0,1,1,1,0,0,0,0,0,0,0,0,0,0,0,0,0,0,0,0,5,5,5,5,4,5,5,4,1,2,5,1,4,4,5,3,5,4,2,1,0,0,0,0,0
,0,1,0,0,1,1,0.0,0.0,0,0.0,0.0,0.0,0.0,0,0,0,0,0,0,0,0,0,0,0,0,0,0,0,1,0,0,0,0,0,0,0,0,0,0,0,0,0,0,0,0,0,0,0,0,0,0,0,0,0,0,1,0,0,0,1,1,1,0,1,0,0,0,0,0,0,0,0,0,0,0,0,0,0,0,0,0,4,4,4,5,5,2,4,4,1,1,2,4,5,4,3,2,5,4,1,0,0,0,0,0,0
70.0,0,,2,0,1,1,0.0,0.0,0,,0.0,0.0,0.0,0,0,0,0,0,0,0,0,0,0,0,0,0,0,0,1,0,0,0,0,0,0,0,0,0,0,0,0,0,0,0,0,0,0,0,0,0,0,0,0,1,0,0,1,0,0,1,0,1,0,1,0,0,0,0,0,0,0,0,0,0,0,0,0,0,0,0,0,5,5,4,1,5,1,4,5,1,2,2,3,2,2,5,3,5,3,5,1,0,0,0,0,0
,0,0,5,1,1,1,1.0,0.0,1,1.0,1.0,0.0,0.0,1,0,0,0,0,1,0,0,0,0,0,0,0,0,0,1,0,1,0,0,0,0,0,0,0,0,0,0,0,0,0,0,0,1,1,1,0,1,0,0,0,1,1,1,1,1,1,0,1,0,0,0,1,0,0,0,0,0,0,0,0,0,0,0,0,0,0,0,5,1,5,4,5,1,5,2,2,2,5,5,3,3,5,5,5,4,4,0,0,1,0,1,0
32.0,3,0,5,1,1,1,0.0,0.0,0,1.0,0.0,1.0,0.0,0,0,1,1,0,1,1,0,1,0,0,0,0,0,0,1,1,1,1,1,0,1,0,0,0,1,0,0,1,1,0,0,0,0,0,0,0,0,0,0,0,1,1,0,0,0,1,1,0,1,0,1,0,0,0,0,0,0,0,0,0,0,0,0,0,0,0,0,5,2,5,5,3,5,4,3,1,1,1,5,5,2,5,5,4,1,2,1,0,1,0,0,0
64.0,0,0,3,1,1,1,,1.0,1,1.0,1.0,1.0,0.0,1,0,0,0,1,1,1,1,0,0,0,0,0,1,0,1,0,0,0,0,0,0,0,0,0,0,0,0,0,0,0,0,0,1,1,0,1,0,0,1,0,1,1,1,0,0,1,1,0,1,0,1,1,0,0,0,0,0,0,0,0,0,0,0,0,0,0,0,4,4,5,5,2,4,5,4,2,3,5,4,4,5,1,4,4,3,2,0,0,1,1,1,0
53.0,1,0,,1,1,1,,0.0,0,1.0,0.0,0.0,0.0,1,1,0,0,0,1,1,0,1,1,0,0,0,0,1,1,1,0,0,1,0,1,0,1,1,0,0,0,1,0,1,0,1,1,0,0,0,1,0,0,1,1,1,0,1,0,0,0,0,0,0,0,0,0,0,0,0,0,0,0,0,0,0,0,0,0,0,0,4,1,3,5,4,4,2,5,1,1,4,2,2,3,5,5,5,1,5,0,0,1,1,0,0
26.0,2,0,2,1,1,1,1.0,1.0,0,,0.0,0.0,0.0,0,1,0,1,0,1,1,1,0,0,1,0,1,1,0,0,1,1,1,1,1,0,0,0,0,1,0,0,1,1,0,0,1,1,1,1,0,0,0,1,0,1,1,1,0,0,1,1,1,0,0,1,0,0,0,0,0,0,0,0,0,0,0,0,0,0,0,0,3,4,4,4,1,5,2,3,1,1,4,4,4,5,4,5,4,3,1,1,1,1,0,0,0
40.0,3,,2,1,1,1,1.0,1.0,0,1.0,0.0,1.0,0.0,1,0,0,1,0,1,0,1,0,0,0,0,0,0,0,1,1,0,1,1,1,0,1,0,1,0,0,0,0,1,1,1,1,1,0,0,0,0,0,0,0,0,1,1,0,0,1,1,1,0,0,0,0,0,0,0,0,0,0,0,0,0,0,0,0,0,0,0,4,5,5,4,4,1,3,4,2,4,3,4,1,4,4,4,3,5,3,0,0,1,0,0,0
47.0,1,1,1,0,1,1,0.0,0.0,0,0.0,,0.0,0.0,0,0,0,0,0,0,0,0,0,0,0,0,0,0,0,1,0,0,0,0,0,0,0,0,0,0,0,0,0,0,0,0,0,0,0,0,0,0,0,0,0,1,1,1,0,0,1,1,1,1,0,0,1,1,1,0,0,0,0,0,0,0,0,0,0,0,0,0,5,4,3,3,1,5,1,2,2,5,4,4,4,1,3,3,2,5,3,1,0,0,0,0,0
47.0,1,1,5,1,1,0,1.0,1.0,0,1.0,1.0,1.0,0.0,0,0,0,1,1,0,1,1,0,0,1,1,1,0,0,1,0,0,0,0,0,0,0,0,0,0,0,0,0,0,0,0,0,0,0,0,0,0,0,0,1,0,0,0,0,0,0,0,0,0,0,0,0,0,0,0,0,0,0,0,0,0,0,0,0,0,0,0,4,4,4,1,5,5,4,3,2,5,5,5,3,4,3,4,4,5,4,0,0,1,1,0,0
70.0,0,1,5,0,1,1,0.0,0.0,0,0.0,,0.0,0.0,0,0,0,0,0,0,0,0,0,0,0,0,0,0,0,1,0,0,0,0,0,0,0,0,0,0,0,0,0,0,0,0,0,0,0,0,0,0,0,0,0,0,1,1,0,0,0,0,0,0,0,0,0,0,0,0,0,0,0,0,0,0,0,0,0,0,0,0,3,3,5,4,5,4,5,5,1,1,5,5,4,4,5,5,1,5,2,1,0,0,0,0,0
,0,0,1,1,1,1,0.0,0.0,0,1.0,,0.0,0.0,1,0,0,0,0,1,0,0,0,0,0,0,0,0,0,1,1,1,1,1,0,0,0,0,0,1,0,0,0,1,0,1,1,0,0,0,0,0,0,0,1,1,1,1,1,1,1,1,0,1,1,1,0,0,0,0,0,0,0,0,0,0,0,0,0,0,0,0,5,5,5,4,4,3,1,4,1,2,4,2,4,1,1,4,2,1,3,1,0,1,0,0,0
35.0,3,0,5,1,1,0,0.0,1.0,0,1.0,0.0,1.0,0.0,1,1,0,0,0,1,1,0,0,0,0,0,0,0,0,1,1,1,0,1,1,0,1,0,1,0,0,0,1,1,0,0,1,0,0,0,0,0,0,0,1,1,0,0,0,0,0,0,0,0,0,0,0,0,0,0,0,0,0,0,0,0,0,0,0,0,0,0,5,4,5,4,5,4,5,5,1,2,2,5,4,4,3,1,5,3,3,0,0,1,0,0,0
44.0,3,,5,1,1,1,1.0,1.0,0,1.0,1.0,1.0,0.0,1,1,0,0,0,1,0,0,0,0,0,0,0,0,0,1,0,1,0,1,0,1,0,1,0,1,0,0,1,1,1,0,0,1,0,0,0,1,0,0,1,1,1,0,0,0,1,0,1,0,1,0,0,0,0,0,0,0,0,0,0,0,0,0,0,0,0,0,1,5,5,5,5,4,4,5,3,4,1,4,5,4,4,5,3,3,5,0,0,1,0,0,1
69.0,0,1,0,1,1,1,,1.0,0,1.0,1.0,1.0,0.0,1,1,0,0,1,1,0,0,0,0,0,0,0,0,0,1,0,1,0,1,0,0,0,0,0,1,0,0,1,0,1,0,1,1,0,0,1,0,1,0,0,1,1,1,1,1,1,1,1,1,1,0,1,0,1,1,0,1,1,1,1,0,0,1,1,1,1,0,4,4,3,4,4,3,5,1,1,2,4,4,4,2,2,4,2,5,4,0,0,1,0,0,0
58.0,1,1,5,1,1,1,0.0,0.0,0,1.0,0.0,1.0,1.0,0,1,0,0,0,1,1,0,1,1,0,1,0,1,0,0,1,1,0,1,1,1,0,0,1,0,0,0,1,0,0,0,0,1,0,1,1,1,1,0,1,1,1,1,1,1,1,0,1,0,1,0,0,0,0,0,0,0,0,0,0,0,0,0,0,0,0,0,5,4,4,5,4,5,1,5,1,1,1,5,3,3,2,4,3,4,5,1,0,1,1,0,0
19.0,2,0,5,1,1,0,1.0,1.0,1,1.0,1.0,1.0,0.0,1,0,0,0,0,1,1,0,1,1,1,0,0,0,0,1,0,1,0,1,1,1,1,1,0,0,1,0,1,0,0,1,0,0,0,0,0,0,0,0,1,1,0,0,0,0,0,0,0,0,0,0,0,0,0,0,0,0,0,0,0,0,0,0,0,0,0,0,3,4,5,5,5,5,5,5,2,2,4,5,4,5,5,3,1,1,2,1,0,0,0,0,1
55.0,1,1,2,1,1,1,1.0,0.0,0,1.0,0.0,1.0,0.0,1,0,1,0,1,1,1,1,1,1,1,0,1,0,0,1,1,1,0,1,1,0,0,0,1,0,0,0,1,0,1,1,0,1,1,1,1,1,0,0,1,1,1,1,1,1,1,1,0,0,0,0,0,0,0,0,0,0,0,0,0,0,0,0,0,0,0,0,5,5,5,5,5,4,5,2,3,1,4,5,1,3,5,5,5,4,3,0,0,1,0,0,0
26.0,2,0,3,1,1,1,,0.0,0,1.0,0.0,0.0,0.0,0,1,0,1,0,1,1,1,1,0,0,0,0,0,0,0,0,0,1,0,0,0,0,0,0,0,0,0,0,0,0,0,0,1,1,1,1,0,0,0,0,1,1,1,1,1,1,1,0,0,0,1,0,0,0,0,0,0,0,0,0,0,0,0,0,0,0,0,4,4,4,2,4,5,4,2,1,1,2,5,5,4,5,4,1,4,4,0,0,1,0,0,0
,2,1,2,1,1,1,1.0,0.0,0,1.0,1.0,1.0,0.0,0,1,0,0,0,1,1,0,1,0,0,0,0,0,0,1,0,1,0,0,0,0,0,0,0,0,0,0,0,0,0,0,0,1,0,0,0,1,0,0,1,0,0,1,0,0,1,0,0,1,1,0,0,0,0,0,0,0,0,0,0,0,0,0,0,0,0,0,4,1,5,4,1,3,5,5,2,2,3,2,4,5,5,4,2,3,2,1,0,1,0,0,0
,3,1,3,1,1,1,1.0,1.0,0,1.0,1.0,0.0,1.0,1,1,1,1,1,1,0,1,0,0,0,0,0,0,0,0,1,1,1,1,1,0,1,0,0,1,0,0,1,1,0,0,0,1,0,1,1,0,1,1,1,0,1,1,1,1,1,0,1,0,0,1,0,0,0,0,0,0,0,0,0,0,0,0,0,0,0,0,4,5,4,5,2,1,2,4,1,1,2,3,5,5,1,1,5,4,5,1,0,0,0,0,1
47.0,1,1,5,1,1,0,0.0,0.0,1,1.0,0.0,0.0,1.0,0,0,1,1,0,1,1,0,0,0,1,1,0,0,0,1,0,1,0,0,0,0,0,0,0,0,0,0,0,0,0,0,0,0,0,0,0,0,0,0,0,0,0,0,0,0,0,0,0,0,0,0,1,1,1,0,0,0,1,1,0,0,0,0,1,1,0,1,5,1,4,4,5,5,4,4,1,2,5,5,2,5,4,1,5,1,3,0,0,0,0,1,0
25.0,2,1,,1,1,1,,1.0,1,1.0,,0.0,0.0,0,0,0,0,1,1,1,1,0,0,0,1,0,0,0,1,1,1,0,0,0,0,0,0,0,0,0,0,0,0,0,0,0,1,1,0,0,0,1,1,1,0,1,1,1,1,1,1,1,1,0,0,0,0,0,0,0,0,0,0,0,0,0,0,0,0,0,0,4,4,5,1,4,5,3,1,1,1,5,4,4,5,3,2,4,1,4,1,0,0,1,0,0
32.0,3,1,5,0,1,0,0.0,0.0,0,0.0,0.0,0.0,0.0,0,0,0,0,0,0,0,0,0,0,0,0,0,0,0,1,0,0,0,0,0,0,0,0,0,0,0,0,0,0,0,0,0,0,0,0,0,0,0,0,1,0,0,0,0,0,0,0,0,0,0,0,0,0,0,0,0,0,0,0,0,0,0,0,0,0,0,0,5,4,3,5,4,5,5,4,1,1,3,4,5,4,4,2,1,4,3,1,0,0,0,0,0
66.0,0,1,1,0,1,0,0.0,0.0,0,,0.0,0.0,0.0,0,0,0,0,0,0,0,0,0,0,0,0,0,0,0,1,0,0,0,0,0,0,0,0,0,0,0,0,0,0,0,0,0,0,0,0,0,0,0,0,0,1,0,0,0,0,0,0,0,0,0,0,0,0,0,0,0,0,0,0,0,0,0,0,0,0,0,0,5,4,4,4,5,4,4,5,2,5,4,4,4,5,4,1,1,4,1,0,0,0,0,0,0
79.0,0,1,2,1,1,0,1.0,,1,1.0,0.0,1.0,0.0,1,1,1,1,0,1,0,1,0,0,0,0,0,0,0,0,0,1,1,1,1,0,1,0,0,1,0,0,1,1,0,1,1,0,0,0,0,0,0,0,1,0,0,0,0,0,0,0,0,0,0,0,0,0,0,0,0,0,0,0,0,0,0,0,0,0,0,0,4,4,5,5,4,5,5,4,1,5,1,3,4,5,5,4,3,3,3,0,0,1,0,0,0
23.0,2,1,5,1,1,1,1.0,1.0,0,1.0,1.0,0.0,0.0,0,0,1,1,0,1,1,0,0,0,1,0,1,0,0,1,1,0,1,1,1,0,0,0,0,1,0,0,0,1,0,1,1,1,0,0,1,0,0,0,1,1,1,1,0,0,1,1,0,1,1,0,0,0,0,0,0,0,0,0,0,0,0,0,0,0,0,0,4,4,4,5,4,5,4,4,2,2,2,4,4,4,4,3,4,3,3,0,0,1,0,1,0
41.0,3,0,5,0,1,0,0.0,0.0,0,0.0,0.0,0.0,0.0,0,0,0,0,0,0,0,0,0,0,0,0,0,0,0,1,0,0,0,0,0,0,0,0,0,0,0,0,0,0,0,0,0,0,0,0,0,0,0,0,1,1,0,0,0,0,0,0,0,0,0,0,0,0,0,0,0,0,0,0,0,0,0,0,0,0,0,0,2,1,3,5,4,5,5,4,4,2,4,2,2,5,4,4,4,3,3,1,0,0,0,0,0
33.0,3,1,,1,1,0,0.0,1.0,0,1.0,0.0,1.0,0.0,0,0,1,0,0,1,0,0,0,0,0,0,0,0,0,1,0,1,1,0,0,0,0,0,0,0,0,0,0,0,0,0,0,0,0,0,0,0,0,0,0,0,0,0,0,0,0,0,0,0,0,0,0,0,0,0,0,0,0,0,0,0,0,0,0,0,0,0,4,1,5,2,2,2,3,5,1,2,5,4,5,4,4,4,1,5,5,1,0,1,0,0,0
25.0,2,0,5,1,1,1,,,0,1.0,0.0,1.0,0.0,0,1,0,0,0,1,0,0,0,0,0,0,0,0,0,1,0,1,1,1,0,0,0,0,0,0,1,0,1,0,0,0,0,1,0,1,0,1,0,1,1,1,1,1,1,1,1,1,1,1,1,0,0,0,0,0,0,0,0,0,0,0,0,0,0,0,0,0,4,3,3,1,4,5,3,3,5,1,1,5,1,2,4,5,3,5,5,0,0,0,0,0,1
49.0,1,0,5,0,1,0,0.0,0.0,0,0.0,0.0,,0.0,0,0,0,0,0,0,0,0,0,0,0,0,0,0,0,1,0,0,0,0,0,0,0,0,0,0,0,0,0,0,0,0,0,0,0,0,0,0,0,0,0,1,0,0,0,0,0,0,0,0,0,0,0,0,0,0,0,0,0,0,0,0,0,0,0,0,0,0,5,5,4,1,1,4,4,3,2,1,4,5,5,3,4,4,3,3,2,0,0,0,0,0,0
49.0,1,0,5,0,1,0,0.0,0.0,0,0.0,0.0,,0.0,0,0,0,0,0,0,0,0,0,0,0,0,0,0,0,1,0,0,0,0,0,0,0,0,0,0,0,0,0,0,0,0,0,0,0,0,0,0,0,0,0,1,0,0,0,0,0,0,0,0,0,0,0,0,0,0,0,0,0,0,0,0,0,0,0,0,0,0,5,5,4,1,1,4,4,3,2,1,4,5,5,3,4,4,3,3,2,0,0,0,0,0,0
88.0,4,1,5,1,1,0,0.0,0.0,0,0.0,0.0,0.0,0.0,0,0,0,0,0,0,0,0,0,0,0,0,0,0,0,1,0,0,0,0,0,0,0,0,0,0,0,0,0,0,0,0,0,0,0,0,0,0,0,0,0,1,0,0,0,0,0,0,0,0,0,0,0,0,0,0,0,0,0,0,0,0,0,0,0,0,0,0,4,4,3,5,5,2,3,3,2,2,1,1,4,4,1,5,5,4,5,1,0,0,0,0,0
28.0,2,0,2,1,1,1,1.0,1.0,1,0.0,0.0,0.0,0.0,0,1,0,0,0,1,0,1,0,0,0,0,0,0,0,1,0,0,1,1,1,1,0,0,0,1,0,0,1,0,0,1,1,1,1,1,0,1,0,0,1,0,1,0,0,0,1,0,1,0,0,1,1,0,0,1,0,0,0,1,0,0,0,0,0,0,0,0,5,1,4,2,4,5,5,3,2,1,5,4,5,4,4,3,5,4,1,1,0,1,0,1,1
53.0,1,0,5,1,1,1,0.0,1.0,0,1.0,1.0,0.0,0.0,1,0,0,0,0,1,0,0,0,0,0,0,0,0,0,1,1,1,1,1,0,0,0,1,0,1,0,0,1,0,1,1,1,0,0,0,0,0,0,0,1,0,1,1,0,0,1,0,1,0,1,1,0,0,0,0,0,0,0,0,0,0,0,0,0,0,0,0,4,5,5,4,4,2,5,4,2,5,5,4,2,5,4,2,1,4,5,0,0,0,0,0,0
27.0,2,1,5,1,1,1,,0.0,0,1.0,0.0,1.0,0.0,0,0,0,0,0,1,0,1,0,0,0,0,0,0,0,0,1,1,1,1,0,0,0,0,0,0,0,1,1,1,0,1,1,1,1,0,0,0,1,0,1,1,0,0,1,1,1,1,1,0,0,0,0,0,0,0,0,0,0,0,0,0,0,0,0,0,0,0,4,5,4,5,5,4,3,4,2,1,4,4,1,5,5,2,4,4,3,0,0,1,0,0,1
40.0,3,0,1,1,1,1,1.0,0.0,0,1.0,1.0,0.0,0.0,1,0,0,1,0,1,1,1,1,0,0,0,0,0,1,1,0,0,1,1,0,1,0,1,0,1,0,0,0,0,1,0,0,1,0,1,0,0,0,1,0,1,1,1,1,1,0,0,0,0,0,0,0,0,0,0,0,0,0,0,0,0,0,0,0,0,0,0,5,4,4,5,5,3,1,4,2,1,5,4,4,5,3,3,1,2,3,1,1,1,0,0,1
68.0,0,1,5,1,1,1,1.0,1.0,0,0.0,0.0,0.0,0.0,1,1,0,0,1,1,1,0,0,0,0,0,0,0,0,1,0,0,1,0,0,0,0,0,0,0,0,0,0,0,0,0,0,1,1,1,1,0,1,1,1,1,1,1,0,0,1,0,1,1,0,1,0,0,0,0,0,0,0,0,0,0,0,0,0,0,0,0,5,3,4,3,5,5,5,3,1,2,4,4,1,4,5,5,5,4,3,1,0,0,0,0,0
45.0,1,1,5,0,1,1,0.0,0.0,0,0.0,0.0,0.0,0.0,0,0,0,0,0,0,0,0,0,0,0,0,0,0,0,1,0,0,0,0,0,0,0,0,0,0,0,0,0,0,0,0,0,0,0,0,0,0,0,0,1,1,1,0,0,0,1,0,1,1,0,0,0,0,0,0,0,0,0,0,0,0,0,0,0,0,0,0,3,4,4,5,5,4,4,4,2,5,4,4,4,5,4,2,5,5,1,1,0,0,0,0,0
35.0,3,,4,0,1,0,0.0,0.0,0,0.0,,0.0,0.0,0,0,0,0,0,0,0,0,0,0,0,0,0,0,0,1,0,0,0,0,0,0,0,0,0,0,0,0,0,0,0,0,0,0,0,0,0,0,0,0,1,1,0,0,0,0,0,0,0,0,0,0,0,0,0,0,0,0,0,0,0,0,0,0,0,0,0,0,4,2,3,4,5,1,4,3,2,2,3,1,1,3,5,5,2,4,4,0,0,0,0,0,0
25.0,2,0,5,1,1,0,1.0,1.0,0,0.0,0.0,0.0,,1,0,0,1,0,1,1,0,1,0,1,0,0,0,0,0,0,0,1,0,0,0,0,0,0,0,0,0,0,0,0,0,0,0,0,0,0,0,0,0,0,0,0,0,0,0,0,0,0,0,0,0,0,0,0,0,0,0,0,0,0,0,0,0,0,0,0,0,4,3,4,4,4,2,4,4,4,1,2,3,4,5,2,3,1,4,1,0,0,1,0,0,0
56.0,1,0,5,1,1,1,0.0,1.0,0,0.0,0.0,,,1,1,1,1,1,1,1,1,0,0,1,0,1,0,0,1,0,1,0,0,0,0,0,0,0,0,0,0,0,0,0,0,0,1,0,1,0,1,0,0,1,1,1,1,1,1,1,0,1,0,1,0,0,0,0,0,0,0,0,0,0,0,0,0,0,0,0,0,4,5,4,5,1,4,4,3,2,5,4,4,4,4,5,3,5,2,4,0,0,0,0,1,0
39.0,3,1,5,0,1,1,0.0,0.0,0,0.0,0.0,0.0,0.0,0,0,0,0,0,0,0,0,0,0,0,0,0,0,0,1,0,0,0,0,0,0,0,0,0,0,0,0,0,0,0,0,0,0,0,0,0,0,0,0,1,1,0,1,0,0,1,0,0,0,1,0,0,0,0,0,0,0,0,0,0,0,0,0,0,0,0,0,4,5,5,4,2,5,2,5,2,1,3,5,4,1,3,1,5,5,4,1,0,0,0,0,0
57.0,1,0,5,1,1,1,,0.0,1,1.0,1.0,0.0,1.0,0,0,0,0,0,1,1,1,0,0,0,0,1,0,0,1,0,1,0,1,0,0,1,0,0,0,1,0,1,0,0,0,0,1,1,0,0,1,0,1,1,1,1,0,0,0,1,1,1,0,0,0,0,0,0,0,0,0,0,0,0,0,0,0,0,0,0,0,4,1,4,4,2,5,4,5,5,2,4,4,3,4,5,5,5,1,2,0,0,0,0,0,0
45.0,1,1,5,1,1,1,1.0,1.0,1,1.0,,1.0,,1,0,0,0,0,1,1,1,0,0,0,1,0,0,0,1,0,1,0,1,0,0,0,1,1,0,0,0,1,1,0,1,0,1,1,1,1,1,0,0,1,1,1,1,1,1,1,1,1,1,0,0,0,0,0,0,0,0,0,0,0,0,0,0,0,0,0,0,5,4,5,5,4,2,4,5,3,1,5,2,4,5,3,4,5,5,5,0,0,1,0,0,0
78.0,0,,2,0,1,1,0.0,0.0,0,0.0,0.0,,0.0,0,0,0,0,0,0,0,0,0,0,0,0,0,0,0,1,0,0,0,0,0,0,0,0,0,0,0,0,0,0,0,0,0,0,0,0,0,0,0,0,0,1,1,1,1,1,1,1,1,0,0,1,0,0,0,0,0,0,0,0,0,0,0,0,0,0,0,0,5,4,4,4,3,1,4,5,2,3,5,5,4,4,4,5,1,5,5,0,0,0,0,0,0
61.0,0,,2,0,1,1,0.0,0.0,0,0.0,0.0,0.0,,0,0,0,0,0,0,0,0,0,0,0,0,0,0,0,1,0,0,0,0,0,0,0,0,0,0,0,0,0,0,0,0,0,0,0,0,0,0,0,0,1,1,1,1,1,1,1,1,1,1,0,0,0,0,0,0,0,0,0,0,0,0,0,0,0,0,0,0,4,5,5,3,1,5,4,4,1,1,1,3,5,2,4,5,3,5,2,1,0,0,0,0,0
64.0,0,,5,1,1,1,1.0,1.0,0,1.0,1.0,1.0,0.0,0,0,0,0,1,1,0,1,0,0,0,0,0,0,0,1,0,0,0,1,0,1,1,0,1,0,0,0,1,1,0,0,0,1,0,1,0,0,1,1,1,0,1,0,0,0,1,0,0,0,0,0,0,0,0,0,0,0,0,0,0,0,0,0,0,0,0,0,4,5,2,1,1,2,3,5,2,1,4,4,5,4,3,2,5,4,5,0,0,1,0,0,0
23.0,2,0,5,1,1,1,1.0,1.0,0,,0.0,0.0,0.0,1,0,0,1,0,1,1,0,1,1,0,0,0,0,1,1,0,1,1,1,0,1,0,1,1,0,0,0,1,1,1,0,1,0,0,0,0,0,0,0,0,0,0,1,1,0,1,1,1,0,1,0,0,0,0,0,0,0,0,0,0,0,0,0,0,0,0,0,4,5,2,4,5,4,4,5,1,2,5,4,4,4,4,1,2,3,4,1,1,1,0,0,1
73.0,0,1,1,0,1,0,0.0,0.0,0,0.0,0.0,0.0,0.0,0,0,0,0,0,0,0,0,0,0,0,0,0,0,0,1,0,0,0,0,0,0,0,0,0,0,0,0,0,0,0,0,0,0,0,0,0,0,0,0,1,0,0,0,0,0,0,0,0,0,0,0,1,0,0,1,0,0,0,0,0,0,0,0,0,0,0,0,5,4,4,4,4,4,5,2,1,4,1,4,1,3,5,4,4,4,4,0,0,0,0,0,0
53.0,1,1,2,1,1,0,1.0,1.0,0,1.0,1.0,0.0,0.0,1,0,0,0,1,1,0,1,0,0,0,0,0,0,0,1,0,0,1,1,1,0,0,0,0,1,0,0,1,0,0,0,1,0,0,0,0,0,0,0,1,0,0,0,0,0,0,0,0,0,0,0,1,1,0,0,1,0,0,0,0,0,0,0,0,0,0,0,5,4,4,4,5,5,5,3,2,2,5,4,4,2,4,3,4,2,2,1,1,1,1,0,1
55.0,1,0,5,1,1,0,0.0,1.0,0,0.0,1.0,0.0,0.0,0,0,1,0,0,1,1,1,0,1,1,0,0,0,0,1,1,1,0,1,1,0,1,0,0,1,0,0,1,0,0,1,0,0,0,0,0,0,0,0,0,0,0,0,0,0,0,0,0,0,0,0,0,0,0,0,0,0,0,0,0,0,0,0,0,0,0,0,4,5,4,4,1,3,4,4,1,5,4,5,5,4,5,5,5,4,4,1,1,1,1,0,0
18.0,2,,5,1,1,1,0.0,1.0,1,1.0,,0.0,0.0,0,0,1,1,0,1,1,1,1,1,0,0,0,1,0,1,1,0,0,1,0,1,0,0,0,1,0,0,1,1,1,0,1,1,0,0,1,1,0,0,0,1,1,0,0,0,1,1,1,1,0,1,0,0,0,0,0,0,0,0,0,0,0,0,0,0,0,0,4,5,4,5,4,5,4,4,5,1,4,5,1,4,5,5,3,1,2,0,0,1,0,0,0
41.0,3,1,3,1,1,1,0.0,1.0,1,1.0,0.0,1.0,1.0,1,0,1,1,0,1,1,0,1,0,0,0,0,0,0,1,1,1,1,1,1,0,0,0,1,0,0,0,1,1,0,0,0,1,0,1,1,1,1,0,0,1,1,1,0,0,1,0,0,0,0,1,0,0,0,0,0,0,0,0,0,0,0,0,0,0,0,0,4,5,2,5,4,4,5,4,5,3,5,3,5,3,4,5,5,2,3,0,0,1,0,1,1
54.0,1,1,5,1,1,1,1.0,1.0,0,1.0,1.0,1.0,0.0,1,0,1,0,0,1,1,1,1,0,0,0,1,0,0,1,0,0,0,1,0,0,1,0,1,0,0,0,1,1,1,1,0,1,1,1,1,1,0,0,1,0,1,1,0,0,1,1,1,1,1,1,0,0,0,0,0,0,0,0,0,0,0,0,0,0,0,0,4,4,4,1,5,1,4,5,2,3,4,2,2,5,1,2,2,3,3,0,0,1,1,0,0
55.0,1,1,5,1,1,1,0.0,1.0,0,1.0,0.0,0.0,0.0,0,1,1,1,0,1,1,1,0,0,0,0,0,0,0,1,0,1,0,1,1,1,0,0,1,0,0,0,0,1,1,0,0,1,1,1,1,0,0,0,1,0,1,1,1,0,1,0,1,1,1,0,0,0,0,0,0,0,0,0,0,0,0,0,0,0,0,0,5,5,5,5,5,3,5,5,4,1,5,5,5,2,5,4,1,3,4,1,1,1,1,0,0
53.0,1,1,2,1,1,0,1.0,0.0,1,,0.0,0.0,0.0,1,0,0,0,1,1,1,0,1,1,0,0,1,0,0,0,1,0,1,1,1,0,1,1,0,1,0,0,1,1,0,1,0,0,0,0,0,0,0,0,0,1,0,0,0,0,0,0,0,0,0,0,0,0,0,0,0,0,0,0,0,0,0,0,0,0,0,0,5,5,4,5,4,4,4,1,2,2,3,4,4,2,1,5,4,3,3,0,0,1,1,0,0
78.0,0,1,5,1,1,1,0.0,1.0,0,1.0,0.0,1.0,1.0,1,1,0,0,0,1,1,1,1,1,0,0,0,0,1,1,0,0,0,1,1,1,1,0,1,0,0,0,1,1,1,0,0,1,0,1,0,1,1,1,1,0,1,1,1,1,1,0,0,1,0,0,0,0,0,0,0,0,0,0,0,0,0,0,0,0,0,0,5,5,5,5,3,5,4,4,3,2,4,4,4,1,2,3,3,5,3,1,0,1,1,0,0
36.0,3,1,5,1,1,1,1.0,1.0,1,0.0,1.0,1.0,0.0,1,0,0,0,0,1,1,0,1,0,1,0,1,0,0,1,1,0,1,0,0,0,0,0,0,0,0,0,0,0,0,0,0,1,0,1,0,1,0,1,0,1,1,0,0,0,1,0,1,0,1,0,0,0,0,0,0,0,0,0,0,0,0,0,0,0,0,0,4,4,4,5,2,4,4,4,5,2,1,4,5,5,3,3,4,2,3,1,0,0,0,0,0
46.0,1,,5,1,1,0,,1.0,0,1.0,1.0,0.0,0.0,1,0,0,0,1,1,1,0,0,1,0,0,1,0,0,1,1,0,0,0,0,0,0,0,0,0,0,0,0,0,0,0,0,0,0,0,0,0,0,0,1,0,0,0,0,0,0,0,0,0,0,0,1,0,0,1,0,0,1,0,1,1,1,0,1,0,0,1,4,2,5,5,4,5,2,5,2,3,5,5,4,4,3,5,3,3,1,1,0,1,0,0,0
53.0,1,1,2,0,1,0,0.0,0.0,0,0.0,0.0,0.0,0.0,0,0,0,0,0,0,0,0,0,0,0,0,0,0,0,1,0,0,0,0,0,0,0,0,0,0,0,0,0,0,0,0,0,0,0,0,0,0,0,0,1,1,0,0,0,0,0,0,0,0,0,0,0,0,0,0,0,0,0,0,0,0,0,0,0,0,0,0,4,5,5,4,5,4,5,4,2,3,5,5,5,5,4,1,5,5,4,0,0,0,0,0,0
27.0,2,0,5,0,1,0,0.0,0.0,0,0.0,0.0,0.0,0.0,0,0,0,0,0,0,0,0,0,0,0,0,0,0,0,1,0,0,0,0,0,0,0,0,0,0,0,0,0,0,0,0,0,0,0,0,0,0,0,0,1,1,0,0,0,0,0,0,0,0,0,0,0,0,0,0,0,0,0,0,0,0,0,0,0,0,0,0,4,4,4,5,4,3,5,5,3,5,1,5,5,3,5,5,3,2,5,1,0,0,0,0,0
73.0,0,0,,1,1,1,0.0,1.0,1,1.0,1.0,0.0,0.0,1,1,0,0,1,1,0,1,0,0,0,0,0,0,0,1,1,0,0,0,0,0,0,0,0,0,0,0,0,0,0,0,0,1,1,1,0,0,1,1,1,1,1,1,0,0,1,1,1,1,0,0,1,0,0,1,1,0,0,0,0,0,0,0,0,0,0,0,5,5,4,2,2,5,2,5,4,1,5,2,5,4,1,4,5,3,3,0,0,1,0,0,0
59.0,1,0,2,1,1,0,1.0,1.0,1,1.0,0.0,0.0,0.0,1,0,0,0,0,1,0,1,0,0,0,0,0,0,0,0,0,1,0,1,1,1,0,0,0,1,0,0,0,1,0,0,1,0,0,0,0,0,0,0,0,1,0,0,0,0,0,0,0,0,0,0,1,0,0,0,0,0,1,0,0,0,0,0,0,0,0,0,1,4,5,3,5,5,4,5,4,1,5,1,5,3,5,4,1,4,3,0,0,1,0,1,0
76.0,0,0,5,1,1,0,1.0,0.0,1,,1.0,0.0,0.0,1,0,0,0,1,1,0,0,0,0,0,0,0,0,0,1,1,1,0,1,0,1,0,0,0,0,1,0,1,1,0,0,0,0,0,0,0,0,0,0,1,1,0,0,0,0,0,0,0,0,0,0,0,0,0,0,0,0,0,0,0,0,0,0,0,0,0,0,5,2,5,5,3,2,4,1,5,2,2,4,2,4,1,1,5,4,2,1,1,1,0,0,0
,1,0,4,1,1,0,1.0,0.0,0,0.0,1.0,0.0,1.0,1,1,0,0,1,1,1,0,1,1,1,1,0,1,1,1,1,0,1,1,1,1,0,0,1,0,0,0,0,1,0,1,0,0,0,0,0,0,0,0,1,0,0,0,0,0,0,0,0,0,0,0,0,0,0,0,0,0,0,0,0,0,0,0,0,0,0,0,4,4,5,4,5,5,5,1,2,1,4,5,2,4,5,1,4,1,5,1,1,1,1,0,0
81.0,4,,5,1,1,1,0.0,0.0,1,1.0,,0.0,0.0,0,1,0,1,0,1,1,0,0,0,0,0,0,0,0,1,0,1,1,1,1,0,1,0,0,1,0,0,1,1,1,0,1,1,1,0,0,1,1,1,1,1,1,1,0,0,0,0,0,0,0,0,0,0,0,0,0,0,0,0,0,0,0,0,0,0,0,0,4,5,4,2,5,5,4,1,1,2,5,5,4,1,4,1,3,1,3,1,1,1,1,0,0
61.0,0,0,,0,1,1,0.0,0.0,0,,0.0,0.0,0.0,0,0,0,0,0,0,0,0,0,0,0,0,0,0,0,1,0,0,0,0,0,0,0,0,0,0,0,0,0,0,0,0,0,0,0,0,0,0,0,0,1,1,1,0,1,1,0,0,0,0,0,0,0,0,0,0,0,0,0,0,0,0,0,0,0,0,0,0,4,4,5,4,4,5,4,3,2,3,2,4,5,1,3,5,3,2,5,1,0,0,0,0,0
61.0,0,0,5,1,1,1,,0.0,1,1.0,1.0,0.0,0.0,1,1,0,0,0,1,1,0,0,1,0,1,0,0,1,0,1,0,0,1,1,1,0,0,1,0,0,0,0,1,1,0,1,1,1,0,0,0,0,1,1,1,1,1,0,0,1,1,1,0,1,0,0,0,0,0,0,0,0,0,0,0,0,0,0,0,0,0,3,3,5,5,4,4,5,5,1,1,1,3,1,1,4,3,4,1,3,1,1,1,0,0,0
40.0,3,0,,1,1,0,0.0,1.0,0,0.0,0.0,1.0,0.0,1,0,0,1,0,1,1,1,1,0,1,0,1,0,0,1,1,1,0,1,1,0,0,0,0,1,0,0,1,1,1,1,0,0,0,0,0,0,0,0,1,1,0,0,0,0,0,0,0,0,0,0,0,0,0,0,0,0,0,0,0,0,0,0,0,0,0,0,4,2,5,5,1,4,2,1,3,2,3,1,4,4,5,1,2,4,5,1,1,1,0,0,0
56.0,1,1,5,1,1,1,1.0,1.0,0,1.0,0.0,1.0,0.0,1,0,0,0,0,1,1,0,1,1,0,0,0,0,0,1,1,1,0,1,0,0,0,1,0,1,0,0,0,0,0,0,0,0,0,0,0,0,0,0,0,1,1,1,1,1,1,1,0,0,1,0,1,0,1,1,0,0,0,1,0,0,0,0,0,0,0,0,3,5,5,5,3,4,1,1,2,3,5,2,4,2,5,1,1,3,5,1,1,1,0,0,0
59.0,1,0,5,1,1,1,1.0,1.0,0,1.0,1.0,0.0,0.0,1,1,0,0,0,1,1,1,0,0,0,1,0,0,0,0,1,1,0,0,0,0,0,0,0,0,0,0,0,0,0,0,0,1,1,1,0,1,0,1,1,1,1,0,0,0,1,0,1,0,0,1,1,0,1,0,0,0,1,1,0,0,1,1,0,0,0,0,3,2,4,5,1,4,2,5,1,2,3,4,5,3,5,4,4,2,3,0,0,1,0,0,0
68.0,0,0,2,1,1,0,1.0,1.0,0,1.0,,1.0,0.0,1,1,0,0,1,1,1,1,1,1,1,0,0,0,1,1,0,1,0,1,1,0,0,0,1,0,0,0,1,1,0,0,0,0,0,0,0,0,0,0,1,1,0,0,0,0,0,0,0,0,0,0,0,0,0,0,0,0,0,0,0,0,0,0,0,0,0,0,4,4,5,5,5,1,5,5,1,1,5,4,5,3,4,2,4,3,1,1,1,1,0,0,0
41.0,3,0,2,1,1,0,1.0,1.0,0,1.0,,1.0,1.0,1,1,0,1,0,1,0,1,0,0,0,0,0,0,0,0,1,1,1,1,1,1,1,0,1,0,0,0,0,0,0,1,0,0,0,0,0,0,0,0,1,1,0,0,0,0,0,0,0,0,0,0,0,0,0,0,0,0,0,0,0,0,0,0,0,0,0,0,5,5,5,2,4,2,5,1,2,1,3,3,4,5,4,5,1,5,1,0,0,1,0,0,1
69.0,0,1,5,0,1,1,0.0,0.0,0,0.0,0.0,0.0,0.0,0,0,0,0,0,0,0,0,0,0,0,0,0,0,0,1,0,0,0,0,0,0,0,0,0,0,0,0,0,0,0,0,0,0,0,0,0,0,0,0,1,0,1,1,1,1,1,1,1,1,1,1,0,0,0,0,0,0,0,0,0,0,0,0,0,0,0,0,5,4,4,5,1,3,5,5,5,2,3,5,4,2,3,5,3,5,3,1,0,0,0,0,0
31.0,3,1,5,1,1,1,1.0,0.0,0,1.0,0.0,0.0,0.0,0,1,0,1,0,0,0,1,0,0,0,0,0,0,0,1,1,0,0,0,0,0,0,0,0,0,0,0,0,0,0,0,0,1,1,1,1,1,1,0,0,1,1,1,1,1,1,1,1,1,1,0,1,1,0,0,0,0,1,0,0,0,0,1,0,0,0,0,4,5,4,4,4,3,5,5,1,2,5,4,4,5,5,1,5,1,3,0,0,1,0,0,1
58.0,1,1,2,1,1,1,1.0,0.0,0,1.0,0.0,1.0,,0,0,0,1,1,1,0,0,0,0,0,0,0,0,0,1,1,0,0,1,0,1,0,0,0,1,0,0,1,1,0,0,1,1,1,0,1,0,0,0,1,0,1,1,0,0,1,1,0,0,1,0,0,0,0,0,0,0,0,0,0,0,0,0,0,0,0,0,5,2,4,5,4,1,4,5,1,1,5,5,3,4,3,5,1,3,1,1,0,1,0,0,0
30.0,3,1,,1,1,1,1.0,,0,1.0,1.0,0.0,0.0,1,1,1,1,0,1,1,0,1,1,1,0,0,1,0,1,0,0,1,1,1,1,0,0,0,1,0,0,0,0,1,0,0,1,0,1,0,1,0,1,1,1,1,1,0,0,1,0,1,1,0,1,0,0,0,0,0,0,0,0,0,0,0,0,0,0,0,0,5,5,4,4,5,4,3,3,2,1,1,5,5,4,4,2,5,4,2,0,0,1,1,0,0
41.0,3,0,2,1,1,1,1.0,0.0,0,1.0,0.0,1.0,0.0,0,1,1,0,0,1,1,0,1,1,0,0,0,0,0,1,1,0,0,0,0,0,0,0,0,0,0,0,0,0,0,0,0,0,0,0,0,0,0,0,1,1,1,1,0,0,1,0,0,1,0,0,1,0,0,0,0,1,1,1,0,1,1,1,0,0,0,0,4,5,5,1,4,1,5,2,5,4,4,5,5,5,4,2,4,3,4,0,0,0,1,1,0
68.0,0,1,0,0,1,1,0.0,0.0,0,0.0,0.0,0.0,0.0,0,0,0,0,0,0,0,0,0,0,0,0,0,0,0,1,0,0,0,0,0,0,0,0,0,0,0,0,0,0,0,0,0,0,0,0,0,0,0,0,1,1,1,1,0,0,1,1,1,1,0,0,1,0,0,0,0,1,0,1,0,0,0,0,0,0,0,0,5,4,5,2,5,5,4,1,1,1,4,2,1,3,1,4,1,4,3,0,0,0,0,0,0
61.0,0,0,5,0,1,0,0.0,0.0,0,0.0,0.0,0.0,0.0,0,0,0,0,0,0,0,0,0,0,0,0,0,0,0,1,0,0,0,0,0,0,0,0,0,0,0,0,0,0,0,0,0,0,0,0,0,0,0,0,1,1,0,0,0,0,0,0,0,0,0,0,0,0,0,0,0,0,0,0,0,0,0,0,0,0,0,0,4,5,5,4,5,1,4,3,2,2,4,1,5,4,2,5,5,5,4,0,0,0,0,0,0
48.0,1,0,5,1,1,0,0.0,0.0,0,1.0,0.0,1.0,,1,0,1,0,0,0,1,0,1,0,1,0,0,0,0,1,0,0,0,0,0,0,0,0,0,0,0,0,0,0,0,0,0,0,0,0,0,0,0,0,1,1,0,0,0,0,0,0,0,0,0,0,0,0,0,0,0,0,0,0,0,0,0,0,0,0,0,0,5,4,4,5,4,2,4,2,3,3,2,3,3,3,4,3,3,3,4,0,0,1,0,0,0
36.0,3,1,1,1,1,1,1.0,1.0,0,1.0,0.0,1.0,0.0,0,0,0,1,1,1,1,1,0,0,1,0,0,0,0,1,0,1,0,1,0,1,1,0,0,0,0,1,1,1,1,0,1,1,1,1,1,1,0,1,0,1,0,0,1,1,1,1,1,1,1,1,0,0,0,0,0,0,0,0,0,0,0,0,0,0,0,0,3,5,4,5,4,4,5,5,3,2,5,4,1,3,1,4,5,5,4,0,0,1,0,0,0
27.0,2,1,2,1,1,1,1.0,1.0,0,1.0,0.0,,0.0,0,1,0,1,0,1,1,1,0,0,0,0,0,0,0,1,0,1,1,0,0,0,0,0,0,0,0,0,0,0,0,0,0,0,0,0,0,0,0,0,1,1,0,1,0,0,1,0,0,1,0,0,1,0,1,1,0,0,1,1,1,0,0,1,0,0,0,1,3,4,5,4,4,5,4,5,5,1,3,5,2,1,1,3,2,3,4,0,0,0,1,1,0
66.0,0,1,,1,1,0,1.0,0.0,1,1.0,0.0,1.0,0.0,1,0,0,1,1,1,1,0,1,0,0,0,0,0,0,1,0,0,0,0,0,0,0,0,0,0,0,0,0,0,0,0,0,0,0,0,0,0,0,0,1,0,0,0,0,0,0,0,0,0,0,0,0,0,0,0,0,0,0,0,0,0,0,0,0,0,0,0,5,2,4,5,3,4,5,5,2,5,5,2,4,3,5,3,5,1,5,1,1,1,0,0,0
27.0,2,1,5,1,1,1,0.0,1.0,0,1.0,1.0,1.0,0.0,0,1,1,0,0,1,1,0,0,0,0,1,0,0,1,1,1,1,1,0,0,0,0,0,0,0,0,0,0,0,0,0,0,1,0,1,1,0,0,0,1,0,1,1,1,0,0,0,0,0,0,0,1,0,0,0,1,0,1,1,0,1,0,0,0,1,1,0,5,3,5,4,4,5,5,4,5,2,3,4,4,2,2,4,1,1,4,1,1,1,0,1,0
32.0,3,0,5,0,1,1,0.0,0.0,0,0.0,0.0,0.0,0.0,0,0,0,0,0,0,0,0,0,0,0,0,0,0,0,1,0,0,0,0,0,0,0,0,0,0,0,0,0,0,0,0,0,0,0,0,0,0,0,0,1,1,1,1,1,1,1,0,0,1,0,1,1,1,1,0,0,0,0,0,0,0,0,0,0,0,0,0,4,5,5,5,5,5,4,3,2,2,5,2,4,2,1,5,4,1,4,0,0,0,0,0,0
36.0,3,0,0,1,1,1,1.0,1.0,0,1.0,0.0,,0.0,1,0,0,1,0,1,1,1,0,1,1,1,0,1,0,1,0,1,0,1,1,0,0,1,0,0,1,0,0,1,1,0,0,0,0,0,0,0,0,0,0,1,1,1,1,1,1,1,1,1,1,0,0,0,0,0,0,0,0,0,0,0,0,0,0,0,0,0,3,5,4,4,3,5,5,5,3,4,3,1,1,3,3,2,1,4,4,1,1,1,0,0,0
38.0,3,1,5,1,1,1,0.0,,0,1.0,0.0,1.0,,0,1,1,1,0,1,1,1,1,0,1,0,1,0,0,1,0,0,0,1,1,1,0,1,0,0,0,1,1,0,1,1,1,1,0,0,1,0,0,0,1,1,1,1,0,0,1,1,0,1,1,0,0,0,0,0,0,0,0,0,0,0,0,0,0,0,0,0,4,5,5,4,5,4,4,5,1,4,1,4,5,3,5,4,5,5,5,0,0,1,0,0,0
51.0,1,0,5,1,1,1,1.0,0.0,1,1.0,1.0,0.0,0.0,1,1,0,0,1,1,1,1,0,0,0,0,0,1,0,1,0,1,1,1,1,1,0,0,0,1,0,0,1,0,1,0,1,0,0,0,0,0,0,0,1,1,0,1,0,0,1,1,0,1,0,0,0,0,0,0,0,0,0,0,0,0,0,0,0,0,0,0,5,1,5,3,2,5,3,4,1,5,2,5,4,3,4,3,4,4,5,0,0,1,0,0,0
40.0,3,0,2,1,1,0,0.0,,0,1.0,0.0,0.0,0.0,1,1,1,1,1,1,1,0,0,0,1,0,0,0,1,1,1,0,0,1,1,0,1,1,1,0,0,0,1,1,0,1,1,0,0,0,0,0,0,0,0,1,0,0,0,0,0,0,0,0,0,0,0,0,0,0,0,0,0,0,0,0,0,0,0,0,0,0,1,4,4,3,4,5,4,3,1,1,3,5,4,3,4,3,1,5,3,0,0,1,0,0,1
58.0,1,0,3,1,1,1,1.0,0.0,1,1.0,,0.0,,1,1,0,1,0,0,0,1,0,0,0,0,0,0,0,1,0,1,1,0,0,0,0,0,0,0,0,0,0,0,0,0,0,1,0,0,0,0,0,0,1,1,1,1,0,0,1,1,1,1,1,1,0,0,0,0,0,0,0,0,0,0,0,0,0,0,0,0,4,4,5,4,5,4,2,4,1,2,4,2,3,5,2,2,3,2,4,0,0,1,0,1,1
37.0,3,0,5,0,1,1,0.0,0.0,0,,0.0,0.0,0.0,0,0,0,0,0,0,0,0,0,0,0,0,0,0,0,0,0,0,0,0,0,0,0,0,0,0,0,0,0,0,0,0,0,0,0,0,0,0,0,0,0,0,1,1,1,1,1,1,1,1,0,0,1,0,0,0,1,0,1,0,1,1,0,1,0,0,0,1,5,1,4,1,4,3,5,4,1,3,5,1,3,3,5,5,1,4,1,1,0,0,0,0,0
87.0,4,0,5,0,1,1,,0.0,0,0.0,0.0,0.0,0.0,0,0,0,0,0,0,0,0,0,0,0,0,0,0,0,0,0,0,0,0,0,0,0,0,0,0,0,0,0,0,0,0,0,0,0,0,0,0,0,0,1,0,0,1,0,0,1,1,1,0,1,0,0,0,0,0,0,0,0,0,0,0,0,0,0,0,0,0,5,3,5,5,4,5,2,4,1,1,4,1,3,2,4,5,4,5,4,1,0,0,0,0,0
32.0,3,,5,1,1,0,0.0,0.0,0,1.0,0.0,1.0,0.0,1,1,0,0,0,0,0,1,0,0,0,0,0,0,0,1,1,1,0,0,0,0,0,0,0,0,0,0,0,0,0,0,0,0,0,0,0,0,0,0,0,1,0,0,0,0,0,0,0,0,0,0,0,0,0,0,0,0,0,0,0,0,0,0,0,0,0,0,4,4,4,2,4,5,4,4,2,2,2,4,4,3,2,3,2,4,1,0,0,1,0,0,1
42.0,3,0,5,1,1,1,,1.0,0,1.0,0.0,0.0,0.0,1,1,1,1,1,1,0,1,0,0,0,0,0,0,0,0,0,1,1,0,0,0,0,0,0,0,0,0,0,0,0,0,0,1,1,0,1,1,1,1,0,1,1,0,1,0,1,1,0,1,0,0,0,0,0,0,0,0,0,0,0,0,0,0,0,0,0,0,5,5,5,5,5,4,4,3,5,2,3,4,4,1,4,4,4,1,4,0,0,1,1,0,0
75.0,0,1,5,0,1,0,,0.0,0,0.0,,0.0,0.0,0,0,0,0,0,0,0,0,0,0,0,0,0,0,0,1,0,0,0,0,0,0,0,0,0,0,0,0,0,0,0,0,0,0,0,0,0,0,0,0,0,0,0,0,0,0,0,0,0,0,0,0,0,0,0,0,0,0,0,0,0,0,0,0,0,0,0,0,4,4,4,5,4,4,4,3,2,1,5,4,5,1,5,3,4,3,2,1,0,0,0,0,0
53.0,1,1,5,1,1,1,1.0,1.0,0,,0.0,1.0,0.0,0,0,0,1,1,1,0,1,0,0,0,0,0,0,0,1,0,1,0,1,1,1,1,0,0,1,0,0,0,1,0,0,0,1,0,1,1,1,0,0,1,1,1,1,1,1,1,1,0,1,1,1,0,0,0,0,0,0,0,0,0,0,0,0,0,0,0,0,4,3,5,1,4,2,2,4,2,3,3,5,4,4,3,5,4,3,4,0,0,1,1,0,0
71.0,0,0,5,1,1,0,1.0,1.0,0,1.0,1.0,1.0,0.0,1,0,0,0,0,1,0,0,0,0,0,0,0,0,0,1,1,1,0,1,1,0,0,0,1,0,0,0,1,1,1,1,0,0,0,0,0,0,0,0,1,1,0,0,0,0,0,0,0,0,0,0,0,0,0,0,0,0,0,0,0,0,0,0,0,0,0,0,4,3,5,2,4,5,1,5,3,1,5,4,4,3,4,4,5,4,5,0,0,0,1,0,0
21.0,2,0,5,1,1,1,0.0,0.0,0,1.0,,1.0,0.0,0,1,1,1,0,1,1,0,0,0,0,1,0,0,0,0,1,0,0,0,0,0,0,0,0,0,0,0,0,0,0,0,0,1,1,0,1,0,1,0,1,0,1,1,1,1,1,0,1,1,0,0,1,0,0,0,0,0,1,0,0,0,0,0,0,0,0,1,3,5,5,3,4,4,4,5,2,1,4,3,5,5,2,3,4,1,3,1,1,1,1,0,0
47.0,1,0,0,1,1,1,0.0,1.0,1,1.0,1.0,1.0,0.0,0,0,0,1,0,1,1,1,1,1,1,1,0,0,0,0,1,1,0,1,1,0,0,0,1,0,0,0,1,0,1,1,0,0,0,0,0,0,0,0,1,1,0,1,1,1,1,0,0,1,0,0,0,0,0,0,0,0,0,0,0,0,0,0,0,0,0,0,2,4,5,5,4,3,4,4,2,2,4,5,5,4,2,4,5,5,4,0,0,1,0,0,1
39.0,3,0,5,1,1,1,0.0,1.0,0,1.0,0.0,1.0,0.0,0,0,1,1,1,0,1,1,1,0,0,0,0,0,0,0,1,0,0,0,0,0,0,0,0,0,0,0,0,0,0,0,0,1,0,1,1,1,0,0,0,1,1,0,0,0,1,0,0,0,0,0,0,0,0,0,0,0,0,0,0,0,0,0,0,0,0,0,4,5,4,4,5,2,4,5,2,3,5,4,5,5,4,5,1,3,3,0,0,1,0,0,0
52.0,1,1,3,1,1,1,1.0,0.0,0,1.0,0.0,1.0,0.0,1,0,0,1,0,0,1,1,1,0,0,1,0,0,0,1,1,0,0,0,0,0,0,0,0,0,0,0,0,0,0,0,0,1,1,0,1,0,0,0,1,0,0,1,1,1,0,0,0,0,0,0,0,0,0,0,0,0,0,0,0,0,0,0,0,0,0,0,5,4,4,5,4,4,5,5,2,2,3,5,4,1,5,5,3,2,4,1,1,1,1,1,0
55.0,1,1,5,1,1,1,1.0,0.0,0,1.0,0.0,0.0,0.0,1,1,0,0,0,1,1,0,1,0,0,1,1,0,0,1,0,0,1,1,1,0,0,0,1,0,0,0,1,0,0,1,0,1,1,1,0,0,0,1,1,0,1,0,0,0,1,1,1,1,0,1,0,0,0,0,0,0,0,0,0,0,0,0,0,0,0,0,5,5,5,4,3,4,5,5,1,4,5,5,4,3,1,4,5,5,5,0,0,1,0,0,1
65.0,0,0,5,1,1,1,1.0,1.0,1,1.0,,0.0,0.0,1,0,0,0,0,1,0,1,0,0,0,0,0,0,0,1,1,1,0,1,0,0,1,1,1,0,0,0,1,0,0,1,1,0,0,0,0,0,0,0,1,1,1,0,1,1,1,0,1,0,1,0,0,0,0,0,0,0,0,0,0,0,0,0,0,0,0,0,4,4,4,4,5,2,5,5,1,2,3,5,5,5,4,3,5,2,1,1,1,1,0,0,0
30.0,3,0,5,1,1,1,1.0,1.0,0,1.0,1.0,1.0,0.0,0,1,1,1,1,1,1,0,0,1,1,0,1,0,0,0,1,0,0,0,0,0,0,0,0,0,0,0,0,0,0,0,0,1,1,0,0,0,0,0,1,1,1,1,1,1,0,0,0,0,0,0,1,1,0,0,1,0,0,1,0,0,0,0,0,0,0,0,5,5,5,5,1,5,4,4,3,3,4,4,5,3,5,4,1,3,5,0,0,1,0,0,0
,3,0,5,1,1,0,1.0,1.0,0,1.0,0.0,0.0,0.0,1,0,1,0,0,1,1,1,1,1,0,0,0,0,0,1,0,0,0,1,1,1,0,0,0,1,0,0,1,1,1,1,0,0,0,0,0,0,0,0,0,0,0,0,0,0,0,0,0,0,0,0,0,0,0,0,0,0,0,0,0,0,0,0,0,0,0,0,5,4,5,4,5,4,5,5,5,1,4,5,5,1,5,4,3,5,4,1,0,1,0,1,0
43.0,3,0,,0,1,0,0.0,1.0,0,,0.0,0.0,1.0,1,1,0,1,1,1,1,1,1,0,0,1,0,1,0,0,0,0,0,0,0,0,0,0,0,0,0,0,0,0,0,0,0,0,0,0,0,0,0,0,0,1,0,0,0,0,0,0,0,0,0,0,0,0,0,0,0,0,0,0,0,0,0,0,0,0,0,0,5,3,5,5,5,2,2,1,3,1,4,4,4,5,5,2,5,1,4,0,0,1,1,0,0
58.0,1,0,1,1,1,1,1.0,1.0,1,1.0,1.0,1.0,0.0,0,0,1,0,0,1,1,0,1,0,0,0,0,0,1,1,0,1,0,1,1,0,0,0,0,0,1,0,1,1,1,1,1,1,0,0,1,1,1,0,0,1,0,1,0,0,0,0,0,0,0,0,0,0,0,0,0,0,0,0,0,0,0,0,0,0,0,0,4,5,5,5,4,4,4,4,2,2,5,4,1,4,2,5,4,3,1,0,0,1,1,0,1
85.0,4,0,5,0,1,1,1.0,0.0,1,1.0,,1.0,0.0,1,1,1,0,1,1,1,1,0,0,1,0,0,0,0,1,0,0,0,1,1,1,0,0,0,1,0,0,1,1,1,0,1,1,0,1,1,1,0,0,1,0,1,0,1,1,1,1,1,0,0,1,0,0,0,0,0,0,0,0,0,0,0,0,0,0,0,0,4,4,4,5,4,5,4,3,1,1,4,1,5,5,1,3,2,3,5,0,0,1,0,0,0
57.0,1,,5,1,1,1,0.0,1.0,0,1.0,,0.0,0.0,1,0,0,0,0,1,0,0,0,0,0,0,0,0,0,0,0,1,0,1,1,0,0,0,1,0,0,0,1,1,0,0,1,1,0,0,1,1,0,1,0,0,0,0,0,0,1,0,0,1,1,0,0,0,0,0,0,0,0,0,0,0,0,0,0,0,0,0,5,4,5,4,5,4,5,4,2,3,2,1,2,4,1,3,3,4,1,0,0,1,0,0,0
,3,2,5,0,1,1,0.0,0.0,0,0.0,0.0,0.0,0.0,0,0,0,0,0,0,0,0,0,0,0,0,0,0,0,1,0,0,0,0,0,0,0,0,0,0,0,0,0,0,0,0,0,0,0,0,0,0,0,0,1,1,1,1,1,1,1,1,0,1,0,1,0,0,0,0,0,0,0,0,0,0,0,0,0,0,0,0,5,5,4,4,3,2,5,4,1,2,5,5,5,5,3,5,2,4,5,1,0,0,0,0,0
45.0,1,0,2,1,1,0,1.0,,0,,0.0,0.0,0.0,1,0,0,0,1,0,1,1,1,1,0,0,0,0,0,1,0,1,1,0,0,0,0,0,0,0,0,0,0,0,0,0,0,0,0,0,0,0,0,0,1,0,0,0,0,0,0,0,0,0,0,0,0,0,0,0,0,0,0,0,0,0,0,0,0,0,0,0,5,1,5,4,4,3,1,5,2,5,1,5,5,4,1,5,5,2,5,0,0,1,0,0,0
34.0,3,1,5,0,1,1,0.0,0.0,0,0.0,0.0,,0.0,0,0,0,0,0,0,0,0,0,0,0,0,0,0,0,1,0,0,0,0,0,0,0,0,0,0,0,0,0,0,0,0,0,0,0,0,0,0,0,0,1,1,1,1,1,1,1,1,1,0,1,1,0,0,0,0,0,0,0,0,0,0,0,0,0,0,0,0,4,5,1,4,1,5,1,5,5,2,4,5,4,5,3,5,5,3,1,1,0,0,0,0,0
59.0,1,0,,1,1,0,1.0,1.0,1,1.0,0.0,0.0,1.0,1,1,0,0,1,1,1,0,0,0,0,0,0,0,0,0,1,0,0,0,0,0,0,0,0,0,0,0,0,0,0,0,0,0,0,0,0,0,0,0,1,1,0,0,0,0,0,0,0,0,0,0,0,0,0,0,0,0,0,0,0,0,0,0,0,0,0,0,4,4,3,5,4,3,1,5,1,1,1,4,5,5,5,5,5,4,3,1,0,0,0,0,0
57.0,1,0,1,0,1,1,0.0,0.0,0,0.0,0.0,0.0,0.0,0,0,0,0,0,0,0,0,0,0,0,0,0,0,0,0,0,0,0,0,0,0,0,0,0,0,0,0,0,0,0,0,0,0,0,0,0,0,0,0,1,0,0,1,1,1,1,1,1,1,1,0,0,0,0,0,0,0,0,0,0,0,0,0,0,0,0,0,5,4,5,5,3,4,2,3,1,2,1,4,5,4,5,5,4,5,5,1,0,0,0,0,0
29.0,3,0,5,0,1,0,,0.0,0,,0.0,0.0,0.0,0,0,0,0,0,0,0,0,0,0,0,0,0,0,0,1,0,0,0,0,0,0,0,0,0,0,0,0,0,0,0,0,0,0,0,0,0,0,0,0,1,0,0,0,0,0,0,0,0,0,0,0,0,0,0,0,0,0,0,0,0,0,0,0,0,0,0,0,4,5,1,4,4,4,5,5,2,1,2,5,1,4,3,5,3,5,4,1,0,0,0,0,0
40.0,3,0,5,1,1,1,1.0,1.0,0,1.0,0.0,0.0,0.0,1,1,0,1,1,1,1,0,1,1,0,1,0,0,0,1,1,1,0,1,0,0,0,0,0,1,0,0,1,1,0,0,1,0,0,0,0,0,0,0,1,0,1,1,1,1,1,1,1,1,0,1,1,0,0,0,0,0,0,0,0,0,0,0,0,0,0,0,4,5,4,5,3,5,3,4,1,2,5,5,5,2,4,4,2,5,3,1,1,1,1,0,0
57.0,1,1,5,1,1,0,1.0,1.0,1,1.0,0.0,1.0,0.0,0,1,0,1,1,1,1,1,0,0,0,0,0,0,0,1,1,0,1,1,0,1,0,0,0,1,0,0,1,0,1,1,0,0,0,0,0,0,0,0,1,1,0,0,0,0,0,0,0,0,0,0,0,0,0,0,0,0,0,0,0,0,0,0,0,0,0,0,3,5,5,1,4,4,2,5,1,3,5,5,4,1,3,5,1,4,3,1,0,1,0,0,1
48.0,1,0,5,1,1,1,0.0,1.0,1,1.0,1.0,0.0,0.0,1,1,1,0,0,1,0,0,0,0,0,0,0,0,0,1,0,0,0,0,0,0,0,0,0,0,0,0,0,0,0,0,0,1,0,0,0,0,1,0,1,1,1,1,0,0,1,0,0,1,0,0,0,0,0,0,0,0,0,0,0,0,0,0,0,0,0,0,1,5,4,4,5,3,3,4,2,3,4,5,1,4,5,5,1,3,1,1,1,1,0,0,0
67.0,0,0,5,1,1,1,1.0,0.0,1,1.0,0.0,1.0,0.0,1,1,0,1,0,1,1,1,1,1,1,0,0,0,0,1,0,1,0,1,1,0,1,0,0,1,0,0,0,0,1,0,1,1,1,1,1,1,0,0,0,0,1,1,0,0,1,0,1,0,1,1,0,0,0,0,0,0,0,0,0,0,0,0,0,0,0,0,2,5,4,5,5,5,4,4,3,2,5,5,5,3,3,1,2,4,4,1,0,1,0,0,0
42.0,3,0,5,0,1,1,0.0,0.0,0,0.0,0.0,0.0,0.0,0,0,0,0,0,0,0,0,0,0,0,0,0,0,0,1,0,0,0,0,0,0,0,0,0,0,0,0,0,0,0,0,0,0,0,0,0,0,0,0,1,1,1,1,1,1,1,1,1,1,1,0,0,0,0,0,0,0,0,0,0,0,0,0,0,0,0,0,1,4,4,4,4,5,4,1,1,1,5,5,5,1,1,3,3,1,5,0,0,0,0,0,0
59.0,1,1,5,1,1,0,0.0,1.0,0,0.0,0.0,1.0,0.0,1,1,0,1,0,1,0,1,0,0,0,0,0,0,0,1,1,1,1,0,0,0,0,0,0,0,0,0,0,0,0,0,0,0,0,0,0,0,0,0,1,1,0,0,0,0,0,0,0,0,0,0,0,0,0,0,0,0,0,0,0,0,0,0,0,0,0,0,5,4,4,5,5,5,4,2,2,2,4,5,3,5,4,3,1,4,4,1,1,1,0,0,0
73.0,0,0,5,0,1,1,0.0,0.0,0,0.0,0.0,0.0,0.0,0,0,0,0,0,0,0,0,0,0,0,0,0,0,0,1,0,0,0,0,0,0,0,0,0,0,0,0,0,0,0,0,0,0,0,0,0,0,0,0,1,1,0,0,0,0,1,1,1,0,0,0,0,0,0,0,0,0,0,0,0,0,0,0,0,0,0,0,4,4,5,5,5,5,4,4,2,2,4,2,2,5,2,5,1,4,4,1,0,0,0,0,0
69.0,0,1,5,1,1,1,,1.0,1,1.0,1.0,0.0,0.0,1,0,0,0,1,1,1,1,1,1,0,0,0,0,0,0,0,1,0,1,1,0,0,1,0,1,0,0,1,0,0,1,0,1,0,0,1,0,1,1,0,1,1,1,1,1,1,1,1,1,0,1,0,0,0,0,0,0,0,0,0,0,0,0,0,0,0,0,4,4,3,4,4,2,4,5,2,1,4,5,1,3,3,1,5,1,5,1,1,1,1,0,0
90.0,4,0,5,0,1,1,0.0,0.0,0,0.0,0.0,0.0,0.0,0,0,0,0,0,0,0,0,0,0,0,0,0,0,0,0,0,0,0,0,0,0,0,0,0,0,0,0,0,0,0,0,0,0,0,0,0,0,0,0,1,0,1,1,0,0,1,0,0,0,1,0,0,0,0,0,0,0,0,0,0,0,0,0,0,0,0,0,4,5,1,4,5,4,1,5,2,2,5,5,4,5,2,5,4,4,4,0,0,0,0,0,0
70.0,0,0,1,1,1,0,1.0,1.0,1,1.0,,1.0,0.0,0,0,0,0,0,1,0,1,0,0,0,0,0,0,0,0,0,0,0,0,0,0,0,0,0,0,0,0,0,0,0,0,0,0,0,0,0,0,0,0,1,1,0,0,0,0,0,0,0,0,0,0,0,0,0,0,0,0,0,0,0,0,0,0,0,0,0,0,4,4,2,5,2,4,3,5,2,2,1,1,4,3,2,4,4,5,5,1,0,1,1,1,1
52.0,1,1,5,1,1,1,0.0,1.0,1,,1.0,0.0,0.0,1,0,0,0,0,1,1,0,0,1,1,0,0,0,0,1,0,1,0,1,0,0,0,0,0,0,1,0,0,0,1,0,1,1,0,0,0,1,1,0,1,1,1,1,0,0,1,1,1,0,0,1,0,0,0,0,0,0,0,0,0,0,0,0,0,0,0,0,4,5,5,4,4,5,5,4,1,5,5,5,5,5,5,3,2,5,1,0,0,1,0,1,0
58.0,1,0,5,1,1,1,0.0,1.0,0,1.0,0.0,1.0,0.0,0,0,0,0,1,1,1,1,1,0,1,0,0,0,0,0,0,1,0,0,0,0,0,0,0,0,0,0,0,0,0,0,0,1,1,0,1,0,0,0,1,1,0,0,0,0,1,1,1,0,1,0,0,0,0,0,0,0,0,0,0,0,0,0,0,0,0,0,5,5,4,4,3,5,4,1,5,2,5,4,2,3,3,4,5,1,5,0,0,1,0,0,0
57.0,1,1,5,1,1,1,0.0,0.0,0,1.0,1.0,0.0,0.0,0,0,1,0,0,1,1,0,0,1,1,1,0,1,1,0,1,0,1,0,0,0,0,0,0,0,0,0,0,0,0,0,0,1,1,0,1,1,0,1,0,1,1,1,0,0,1,1,0,1,0,0,1,0,0,0,0,0,1,1,0,0,1,0,0,0,0,0,4,3,4,3,5,5,5,4,3,2,5,1,5,4,1,4,5,5,4,0,0,1,0,0,0
58.0,1,0,5,1,1,1,1.0,1.0,0,1.0,0.0,1.0,,0,1,0,1,0,1,0,1,0,0,0,0,0,0,0,1,1,0,0,0,0,0,0,0,0,0,0,0,0,0,0,0,0,1,1,0,0,1,0,1,1,1,1,1,1,1,1,1,1,1,1,1,0,0,0,0,0,0,0,0,0,0,0,0,0,0,0,0,4,4,4,4,3,5,4,5,1,5,2,5,4,3,5,5,4,5,5,0,0,1,0,0,0
42.0,3,1,5,1,1,0,1.0,0.0,0,1.0,0.0,1.0,0.0,1,1,1,0,0,1,0,1,0,0,0,0,0,0,0,1,0,1,0,0,0,0,0,0,0,0,0,0,0,0,0,0,0,0,0,0,0,0,0,0,0,1,0,0,0,0,0,0,0,0,0,0,0,0,0,0,0,0,0,0,0,0,0,0,0,0,0,0,4,4,3,3,5,3,5,4,2,1,5,3,3,5,4,1,5,3,5,0,0,1,0,0,0
73.0,0,0,5,1,1,0,1.0,0.0,1,1.0,,1.0,,1,1,0,0,0,1,1,1,1,0,0,0,0,0,0,1,0,0,1,1,1,0,1,0,0,1,0,0,0,1,1,0,0,0,0,0,0,0,0,0,0,0,0,0,0,0,0,0,0,0,0,0,0,0,0,0,0,0,0,0,0,0,0,0,0,0,0,0,5,5,4,5,5,4,4,4,4,1,4,1,4,3,5,1,5,4,4,1,1,1,0,0,0
,0,1,1,1,1,1,1.0,0.0,1,1.0,0.0,0.0,0.0,1,0,0,0,1,0,1,1,0,0,0,0,0,0,0,1,0,1,0,0,0,0,0,0,0,0,0,0,0,0,0,0,0,1,1,1,0,1,0,0,0,1,1,1,0,0,1,1,0,1,1,1,0,0,0,0,0,0,0,0,0,0,0,0,0,0,0,0,1,4,1,4,4,5,3,5,2,2,2,4,5,4,1,5,4,1,2,1,0,1,0,0,0
37.0,3,0,5,1,1,1,1.0,1.0,0,1.0,1.0,1.0,0.0,1,1,1,0,0,1,1,1,1,0,1,0,0,0,0,1,1,1,0,1,1,0,0,1,1,0,0,0,1,1,1,1,1,1,1,0,0,1,1,1,0,0,1,1,1,1,1,0,1,1,0,0,0,0,0,0,0,0,0,0,0,0,0,0,0,0,0,0,2,3,5,4,4,3,4,4,2,4,5,5,5,1,1,4,4,4,4,1,0,1,0,0,1
48.0,1,1,2,0,1,1,0.0,0.0,0,,0.0,0.0,0.0,0,0,0,0,0,0,0,0,0,0,0,0,0,0,0,1,0,0,0,0,0,0,0,0,0,0,0,0,0,0,0,0,0,0,0,0,0,0,0,0,1,1,0,1,1,1,1,1,0,1,1,0,0,0,0,0,0,0,0,0,0,0,0,0,0,0,0,0,3,4,4,5,5,5,4,3,1,2,1,4,5,4,4,3,5,5,3,0,0,0,0,0,0
60.0,1,0,5,1,1,1,1.0,1.0,0,1.0,1.0,1.0,0.0,1,0,0,1,0,1,0,0,0,0,0,0,0,0,0,1,0,0,0,1,0,0,0,0,0,1,0,0,1,1,1,1,0,1,1,1,0,0,0,1,1,1,1,1,0,0,1,0,1,0,0,0,1,0,1,0,0,0,1,0,0,0,0,0,0,0,0,0,5,5,2,4,5,5,5,1,1,2,5,2,4,4,5,2,5,5,1,0,0,1,0,0,1
43.0,3,0,5,1,1,1,,0.0,0,0.0,0.0,1.0,0.0,1,0,0,1,0,1,1,1,0,0,0,1,1,1,0,0,0,1,1,1,1,0,1,0,1,0,0,0,0,1,1,1,0,1,0,1,0,1,0,0,0,0,1,1,1,0,1,0,1,1,1,1,0,0,0,0,0,0,0,0,0,0,0,0,0,0,0,0,4,5,5,5,4,4,4,4,1,1,2,1,5,3,4,5,1,4,4,0,0,1,0,0,0
54.0,1,1,5,1,1,1,1.0,0.0,0,1.0,0.0,0.0,1.0,1,0,0,0,0,0,1,1,1,1,0,0,0,0,0,1,1,1,1,0,0,0,0,0,0,0,0,0,0,0,0,0,0,1,1,1,1,0,0,1,1,0,1,1,0,0,1,1,1,1,0,1,0,0,0,0,0,0,0,0,0,0,0,0,0,0,0,0,1,5,4,5,3,5,5,2,1,1,5,4,4,3,2,3,1,4,5,1,1,1,0,0,0
66.0,0,0,5,0,1,1,0.0,0.0,0,0.0,0.0,0.0,0.0,0,0,0,0,0,0,0,0,0,0,0,0,0,0,0,1,0,0,0,0,0,0,0,0,0,0,0,0,0,0,0,0,0,0,0,0,0,0,0,0,0,1,1,0,0,0,1,1,0,0,1,0,0,0,0,0,0,0,0,0,0,0,0,0,0,0,0,0,4,3,5,4,1,1,5,5,1,1,5,1,5,5,4,5,4,2,5,1,0,0,0,0,0
43.0,3,0,5,1,1,1,0.0,1.0,0,,0.0,0.0,0.0,1,1,0,0,0,0,1,1,0,0,0,1,0,1,1,1,1,0,0,0,0,0,0,0,0,0,0,0,0,0,0,0,0,1,1,0,1,0,0,0,1,0,1,0,1,1,1,1,1,0,0,0,0,0,0,0,0,0,0,0,0,0,0,0,0,0,0,0,5,5,4,5,4,5,4,5,1,1,4,4,3,3,1,1,1,5,3,1,1,1,0,0,0
60.0,1,1,2,1,1,1,1.0,1.0,0,0.0,1.0,,0.0,1,0,0,0,1,1,1,1,1,0,0,0,0,1,0,0,1,1,0,1,1,1,0,0,0,1,0,0,1,0,0,1,1,1,1,0,1,0,0,0,0,1,1,1,0,0,1,1,1,0,0,1,0,0,0,0,0,0,0,0,0,0,0,0,0,0,0,0,4,4,4,5,5,5,3,4,2,1,5,1,5,1,4,3,1,3,1,0,0,1,0,1,1
72.0,0,1,5,1,1,1,1.0,1.0,1,1.0,1.0,0.0,0.0,1,0,1,0,1,0,1,1,0,0,0,1,0,1,0,1,1,0,1,0,0,0,0,0,0,0,0,0,0,0,0,0,0,1,1,0,1,1,1,0,1,1,1,1,0,0,0,0,0,0,0,0,0,0,0,0,0,0,0,0,0,0,0,0,0,0,0,0,5,5,5,4,2,4,5,4,1,2,4,1,5,4,4,3,1,3,1,0,0,1,0,0,0
,0,0,5,1,1,0,0.0,1.0,1,1.0,0.0,0.0,0.0,1,0,0,0,1,1,0,1,0,0,0,0,0,0,0,0,0,0,0,1,1,1,0,0,0,1,0,0,1,1,1,1,1,0,0,0,0,0,0,0,1,1,0,0,0,0,0,0,0,0,0,0,0,0,0,0,0,0,0,0,0,0,0,0,0,0,0,0,4,2,4,4,1,4,3,5,1,2,1,5,3,1,5,1,4,5,3,0,0,1,1,0,1
43.0,3,0,5,1,1,1,1.0,,0,1.0,1.0,1.0,1.0,1,1,1,0,0,1,1,1,1,1,0,0,1,0,1,0,1,0,0,0,0,0,0,0,0,0,0,0,0,0,0,0,0,1,0,0,0,1,0,0,0,1,1,1,0,0,1,1,1,1,1,1,1,0,0,1,1,0,1,0,0,0,0,1,1,0,1,0,4,1,5,4,5,4,5,4,1,2,4,3,1,1,3,5,4,2,2,0,0,1,1,0,0
71.0,0,1,,1,1,0,1.0,0.0,0,0.0,1.0,0.0,0.0,0,1,1,0,0,1,0,0,0,0,0,0,0,0,0,1,0,0,0,1,1,0,0,0,0,0,1,0,1,1,1,0,1,0,0,0,0,0,0,0,0,0,0,0,0,0,0,0,0,0,0,0,0,0,0,0,0,0,0,0,0,0,0,0,0,0,0,0,4,4,3,1,4,2,3,5,1,1,5,5,4,4,1,2,3,4,4,1,1,1,0,0,1
66.0,0,,5,1,1,1,1.0,0.0,1,1.0,0.0,0.0,,1,1,0,0,1,1,1,1,1,0,0,1,0,0,0,1,1,1,0,1,0,0,0,0,0,1,0,0,1,0,1,0,0,0,0,0,0,0,0,0,0,0,1,1,1,1,1,0,1,0,0,1,0,0,0,0,0,0,0,0,0,0,0,0,0,0,0,0,5,3,5,5,3,4,4,5,2,1,4,4,4,4,3,4,3,3,2,1,1,1,0,0,1
51.0,1,1,1,0,1,1,0.0,0.0,0,0.0,0.0,0.0,0.0,0,0,0,0,0,0,0,0,0,0,0,0,0,0,0,0,0,0,0,0,0,0,0,0,0,0,0,0,0,0,0,0,0,0,0,0,0,0,0,0,1,1,1,1,1,1,1,1,1,1,0,1,1,0,1,1,0,0,1,1,1,1,0,0,0,0,1,0,1,2,5,5,4,4,3,2,2,2,3,3,4,5,5,5,1,3,4,0,0,0,0,0,0
43.0,3,1,5,0,1,0,0.0,0.0,0,0.0,0.0,0.0,0.0,0,0,0,0,0,0,0,0,0,0,0,0,0,0,0,1,0,0,0,0,0,0,0,0,0,0,0,0,0,0,0,0,0,0,0,0,0,0,0,0,1,1,0,0,0,0,0,0,0,0,0,0,0,0,0,0,0,0,0,0,0,0,0,0,0,0,0,0,5,4,5,4,5,5,4,4,2,3,3,5,5,4,4,5,5,5,5,1,0,0,0,0,0
89.0,4,1,1,1,1,1,1.0,0.0,1,1.0,,1.0,0.0,1,1,0,0,1,0,1,0,0,0,0,0,0,0,1,1,1,0,0,0,0,0,0,0,0,0,0,0,0,0,0,0,0,1,1,1,1,0,0,0,1,1,1,1,1,1,1,0,0,1,0,1,0,0,0,0,0,0,0,0,0,0,0,0,0,0,0,0,4,5,4,4,4,4,4,3,1,2,5,4,5,2,2,3,1,4,5,0,0,1,0,0,0
38.0,3,1,5,1,1,0,0.0,1.0,0,1.0,1.0,0.0,0.0,1,0,0,1,1,1,1,1,0,0,0,0,0,0,0,1,1,0,1,0,0,0,0,0,0,0,0,0,0,0,0,0,0,0,0,0,0,0,0,0,1,1,0,0,0,0,0,0,0,0,0,0,0,0,0,0,0,0,0,0,0,0,0,0,0,0,0,0,5,4,4,2,1,5,4,1,4,1,4,4,2,5,3,5,4,2,5,0,0,1,0,0,1
48.0,1,0,2,1,1,1,1.0,0.0,0,0.0,1.0,0.0,0.0,1,1,0,1,0,1,1,0,0,0,1,0,0,0,0,1,1,1,0,0,0,0,0,0,0,0,0,0,0,0,0,0,0,0,0,0,0,0,0,0,1,1,1,1,1,1,1,1,1,0,1,0,0,0,0,0,0,0,0,0,0,0,0,0,0,0,0,0,3,3,5,5,5,5,1,5,2,1,5,4,2,5,3,2,3,4,2,1,1,1,1,0,0
28.0,2,0,5,1,1,1,,1.0,0,1.0,,1.0,0.0,0,0,0,0,0,0,1,1,1,0,1,0,0,0,1,0,0,0,1,0,0,0,0,0,0,0,0,0,0,0,0,0,0,0,0,0,0,0,0,0,1,1,0,1,1,0,1,0,1,0,1,1,0,0,0,0,0,0,0,0,0,0,0,0,0,0,0,0,4,5,5,4,5,4,4,5,1,1,3,2,5,5,2,2,3,4,3,1,0,1,0,0,0
58.0,1,1,2,1,1,1,1.0,1.0,0,0.0,1.0,0.0,,0,1,0,0,1,1,1,0,1,1,0,1,1,0,0,1,1,0,0,1,0,0,0,0,0,1,0,0,0,0,1,0,0,0,0,0,0,0,0,0,1,1,0,1,1,1,1,1,1,0,0,1,1,0,0,0,0,0,0,1,0,0,0,0,0,0,0,0,4,5,4,5,4,4,4,4,5,2,2,4,5,4,4,4,5,4,1,0,0,1,0,0,0
58.0,1,0,2,1,1,1,1.0,1.0,0,0.0,1.0,1.0,0.0,1,1,1,1,1,0,1,1,1,0,1,1,1,0,0,1,1,0,1,0,0,0,0,0,0,0,0,0,0,0,0,0,0,0,0,0,0,0,0,0,1,0,1,1,1,0,1,1,1,0,0,1,0,0,0,0,0,0,0,0,0,0,0,0,0,0,0,0,5,5,5,1,4,3,4,3,2,2,1,4,4,4,1,5,1,5,5,1,1,1,1,0,1
39.0,3,1,2,1,1,0,1.0,0.0,0,0.0,0.0,,0.0,0,1,1,0,0,1,1,1,0,0,0,0,0,0,0,1,1,0,1,1,1,1,1,1,1,0,0,0,0,1,0,1,1,0,0,0,0,0,0,0,1,1,0,0,0,0,0,0,0,0,0,0,0,0,0,0,0,0,0,0,0,0,0,0,0,0,0,0,5,3,5,4,5,4,4,5,2,4,1,5,4,4,2,4,3,5,5,1,1,1,0,0,0
79.0,0,1,2,0,1,1,0.0,0.0,0,0.0,0.0,0.0,0.0,0,0,0,0,0,0,0,0,0,0,0,0,0,0,0,1,0,0,0,0,0,0,0,0,0,0,0,0,0,0,0,0,0,0,0,0,0,0,0,0,1,1,1,1,0,0,1,1,0,1,0,0,0,0,0,0,0,0,0,0,0,0,0,0,0,0,0,0,4,5,4,4,4,5,4,5,2,2,4,4,4,4,5,1,3,1,5,0,0,0,0,0,0
69.0,0,0,5,1,1,1,1.0,1.0,1,1.0,0.0,0.0,0.0,1,1,0,0,1,1,1,0,1,1,0,1,1,1,0,1,0,0,0,1,1,1,0,0,0,1,0,0,0,1,1,1,0,1,0,0,1,1,1,1,0,0,1,1,1,1,1,1,0,0,1,1,0,0,0,0,0,0,0,0,0,0,0,0,0,0,0,0,4,5,1,4,4,1,5,3,1,4,5,1,4,5,3,3,5,4,4,1,0,1,0,0,0
24.0,2,1,4,1,1,1,0.0,0.0,0,0.0,1.0,0.0,0.0,1,0,1,1,1,0,1,1,1,1,0,0,0,0,1,1,0,0,1,0,0,0,0,0,0,0,0,0,0,0,0,0,0,1,1,0,0,0,0,0,1,1,1,1,0,0,1,0,0,0,0,1,0,0,0,0,0,0,0,0,0,0,0,0,0,0,0,0,4,5,5,5,5,4,5,1,3,4,4,5,5,4,3,5,4,5,1,0,0,0,1,0,0
51.0,1,0,1,1,1,0,0.0,0.0,0,0.0,1.0,1.0,0.0,0,0,0,0,1,1,1,1,0,1,1,0,0,0,0,1,1,0,1,1,1,0,0,0,1,0,0,0,1,0,1,1,0,0,0,0,0,0,0,0,1,1,0,0,0,0,0,0,0,0,0,0,0,0,0,0,0,0,0,0,0,0,0,0,0,0,0,0,4,3,4,5,5,4,1,2,2,2,5,5,3,5,5,2,4,5,1,0,0,1,1,0,0
44.0,3,1,5,0,1,1,0.0,,0,,0.0,0.0,0.0,0,0,0,0,0,0,0,0,0,0,0,0,0,0,0,0,0,0,0,0,0,0,0,0,0,0,0,0,0,0,0,0,0,0,0,0,0,0,0,0,1,1,1,1,1,1,0,0,0,0,0,0,0,0,0,0,0,0,0,0,0,0,0,0,0,0,0,0,4,5,5,4,4,5,5,1,1,2,1,4,4,3,3,3,2,3,4,0,0,0,0,0,0
72.0,0,0,1,1,1,1,1.0,0.0,1,1.0,1.0,1.0,0.0,1,1,0,0,1,1,0,1,0,0,0,0,0,0,0,1,1,1,0,1,0,1,0,0,0,0,1,0,0,1,0,1,0,1,1,0,0,0,0,0,1,1,1,1,0,0,0,0,0,0,0,0,0,0,0,0,0,0,0,0,0,0,0,0,0,0,0,0,5,4,4,2,3,4,4,1,1,1,4,4,5,5,3,4,3,4,3,1,1,1,0,0,0
25.0,2,1,5,1,1,0,1.0,1.0,0,0.0,0.0,,0.0,0,0,1,0,0,1,1,1,1,0,0,0,0,0,0,1,1,1,1,1,0,0,0,0,0,1,0,0,0,1,1,1,0,0,0,0,0,0,0,0,0,0,0,0,0,0,0,0,0,0,0,0,1,1,0,0,0,1,1,1,1,0,1,0,0,0,1,0,1,2,5,5,4,5,4,2,3,2,5,5,5,4,3,2,2,5,1,0,0,1,0,0,0
58.0,1,0,5,1,1,1,1.0,0.0,1,1.0,0.0,0.0,0.0,1,0,0,1,1,1,1,1,1,0,0,0,0,0,1,1,0,0,0,0,0,0,0,0,0,0,0,0,0,0,0,0,0,0,0,0,0,0,0,0,0,1,1,1,1,1,1,1,1,1,1,0,1,1,1,1,0,0,0,0,0,0,0,0,0,0,0,0,5,5,4,3,5,5,5,4,2,1,4,5,4,5,3,5,2,4,2,1,1,1,0,0,0
65.0,0,1,1,1,1,0,0.0,1.0,1,1.0,0.0,0.0,,0,0,1,0,0,1,1,0,1,0,1,0,0,1,0,1,1,1,1,0,0,0,0,0,0,0,0,0,0,0,0,0,0,0,0,0,0,0,0,0,1,1,0,0,0,0,0,0,0,0,0,0,1,0,1,1,0,0,0,1,0,0,0,0,0,0,0,0,4,2,5,5,5,5,5,5,2,1,5,4,4,3,5,3,2,5,1,1,0,1,0,1,0
59.0,1,1,5,1,1,1,1.0,1.0,0,1.0,1.0,1.0,0.0,1,1,0,0,0,1,1,1,0,1,0,0,0,0,0,1,1,0,1,1,1,0,0,0,0,0,1,0,1,0,1,0,0,1,0,1,1,0,1,1,0,0,1,0,1,1,1,0,0,1,0,0,0,0,0,0,0,0,0,0,0,0,0,0,0,0,0,0,5,5,4,4,4,2,5,3,2,1,4,2,4,4,1,5,5,5,3,0,0,1,0,1,0
36.0,3,1,2,1,1,1,0.0,1.0,0,,1.0,0.0,0.0,1,1,0,0,0,1,0,1,0,0,0,0,0,0,0,0,0,0,1,1,1,1,0,0,0,0,0,1,0,1,1,0,0,1,1,0,1,1,0,0,0,1,0,1,1,1,1,1,1,1,0,0,1,0,0,0,0,0,1,0,1,0,1,0,0,0,0,1,4,3,4,4,5,2,1,4,2,1,3,4,3,5,5,3,1,2,5,0,0,1,1,0,0
28.0,2,0,5,1,1,1,1.0,0.0,0,,0.0,0.0,0.0,1,0,1,0,0,0,1,0,0,0,0,1,0,1,1,1,0,0,1,0,0,0,0,0,0,0,0,0,0,0,0,0,0,1,0,0,0,1,1,0,0,0,0,0,0,0,0,0,0,0,0,0,0,0,0,0,0,0,0,0,0,0,0,0,0,0,0,0,4,4,5,4,1,1,5,5,3,1,2,5,4,4,1,1,2,3,1,0,0,1,0,0,1
87.0,4,0,5,0,1,1,0.0,0.0,0,0.0,,0.0,0.0,0,0,0,0,0,0,0,0,0,0,0,0,0,0,0,1,0,0,0,0,0,0,0,0,0,0,0,0,0,0,0,0,0,0,0,0,0,0,0,0,0,0,1,1,1,1,1,1,1,1,0,0,0,0,0,0,0,0,0,0,0,0,0,0,0,0,0,0,4,5,5,5,4,5,5,4,4,4,4,4,5,3,2,5,1,2,3,0,0,0,0,0,0
45.0,1,0,2,1,1,1,,0.0,0,0.0,0.0,0.0,0.0,1,0,0,1,1,1,0,1,0,0,0,0,0,0,0,0,0,0,0,1,1,1,0,0,0,1,0,0,1,0,1,1,0,0,0,0,0,0,0,0,0,0,1,1,1,1,1,0,1,0,0,1,0,0,0,0,0,0,0,0,0,0,0,0,0,0,0,0,5,5,5,5,2,1,3,5,2,1,5,5,5,1,1,4,1,5,4,0,0,0,0,0,0
26.0,2,0,2,1,1,0,1.0,0.0,0,1.0,0.0,0.0,0.0,1,1,0,1,1,1,0,0,0,0,0,0,0,0,0,1,0,1,0,1,1,1,0,0,0,0,1,0,1,1,0,0,0,0,0,0,0,0,0,0,1,0,0,0,0,0,0,0,0,0,0,0,0,0,0,0,0,0,0,0,0,0,0,0,0,0,0,0,4,5,4,5,5,4,2,5,1,4,3,5,5,3,5,2,2,4,3,0,0,1,0,0,0
,1,1,5,1,1,1,0.0,1.0,0,1.0,0.0,0.0,0.0,0,1,0,0,1,1,1,0,0,0,1,0,0,0,0,1,1,0,0,1,0,1,1,0,1,0,0,0,1,0,0,0,0,1,1,0,1,1,1,0,1,1,1,1,1,1,1,1,1,1,0,1,1,0,1,0,0,0,0,1,0,0,0,0,0,0,0,0,4,4,4,2,3,4,3,5,1,2,3,5,4,5,2,2,4,5,5,0,0,1,0,0,0
57.0,1,1,5,1,1,1,1.0,1.0,0,1.0,0.0,0.0,0.0,1,0,1,0,0,1,1,1,0,0,0,1,0,1,0,1,0,1,1,0,0,0,0,0,0,0,0,0,0,0,0,0,0,0,0,0,0,0,0,0,1,1,1,1,1,1,0,0,0,0,0,0,0,0,0,0,0,0,0,0,0,0,0,0,0,0,0,0,1,5,5,4,4,4,4,5,1,1,3,2,5,4,1,5,3,5,4,0,0,1,0,0,0
34.0,3,,5,1,1,1,0.0,1.0,0,0.0,1.0,1.0,0.0,1,0,0,0,0,1,0,0,0,0,0,0,0,0,0,0,0,1,1,1,1,0,0,0,1,0,0,0,1,0,1,1,0,1,0,1,1,0,0,0,1,0,0,1,0,0,1,0,1,0,0,1,0,0,0,0,0,0,0,0,0,0,0,0,0,0,0,0,5,4,4,4,4,4,5,3,2,1,3,4,2,5,4,3,1,2,3,0,0,1,1,0,0
39.0,3,0,5,1,1,1,1.0,1.0,0,,0.0,0.0,0.0,0,1,0,1,0,1,1,0,1,1,0,0,0,0,0,1,0,1,1,0,0,0,0,0,0,0,0,0,0,0,0,0,0,0,0,0,0,0,0,0,0,1,1,1,1,1,1,0,0,1,1,0,0,0,0,0,0,0,0,0,0,0,0,0,0,0,0,0,5,5,5,4,4,2,1,5,1,2,5,5,4,4,5,3,4,4,3,1,0,1,0,0,0
51.0,1,1,5,0,1,1,0.0,0.0,0,0.0,0.0,0.0,,0,0,0,0,0,0,0,0,0,0,0,0,0,0,0,0,0,0,0,0,0,0,0,0,0,0,0,0,0,0,0,0,0,0,0,0,0,0,0,0,0,0,1,1,0,0,0,0,0,0,0,0,1,0,0,0,0,1,0,1,0,0,0,0,0,0,0,0,5,2,4,3,5,3,4,5,2,1,3,5,5,2,3,3,2,1,4,0,0,0,0,0,0
44.0,3,0,5,1,1,1,0.0,1.0,0,1.0,1.0,1.0,0.0,0,0,1,0,1,0,1,1,1,0,0,0,0,0,0,1,0,0,0,0,0,0,0,0,0,0,0,0,0,0,0,0,0,1,1,0,0,0,1,0,0,0,1,0,1,1,1,0,0,1,1,1,0,0,0,0,0,0,0,0,0,0,0,0,0,0,0,0,5,5,5,4,4,5,4,5,2,2,1,5,5,1,5,2,1,5,4,0,0,1,0,0,0
49.0,1,1,1,0,1,1,1.0,1.0,1,1.0,0.0,0.0,0.0,0,1,0,1,1,1,1,1,1,1,1,0,0,0,0,1,1,0,0,1,1,0,0,0,1,0,0,0,1,0,1,0,1,1,1,1,0,0,0,1,1,1,1,1,1,1,1,1,0,1,0,0,1,1,0,1,0,0,0,0,0,0,0,0,0,0,0,0,4,3,4,4,4,5,4,4,1,1,4,5,3,1,1,4,1,4,1,1,0,0,0,0,0
25.0,2,,2,0,1,1,0.0,0.0,0,0.0,0.0,0.0,0.0,0,0,0,0,0,0,0,0,0,0,0,0,0,0,0,1,0,0,0,0,0,0,0,0,0,0,0,0,0,0,0,0,0,0,0,0,0,0,0,0,1,0,1,1,1,1,1,1,1,0,1,0,0,0,0,0,0,0,0,0,0,0,0,0,0,0,0,0,5,4,2,5,1,5,1,3,1,1,5,5,5,4,4,4,2,2,3,1,0,0,0,0,0
31.0,3,0,5,0,1,1,0.0,0.0,0,0.0,0.0,0.0,0.0,0,0,0,0,0,0,0,0,0,0,0,0,0,0,0,1,0,0,0,0,0,0,0,0,0,0,0,0,0,0,0,0,0,0,0,0,0,0,0,0,0,1,0,1,1,1,1,0,0,1,0,1,0,0,0,0,0,0,0,0,0,0,0,0,0,0,0,0,4,1,5,5,4,5,5,1,1,2,4,5,3,3,5,4,5,5,4,1,0,0,0,0,0
42.0,3,0,5,1,1,1,0.0,1.0,0,0.0,0.0,1.0,0.0,0,1,1,0,1,1,1,1,0,1,0,1,0,0,0,1,0,1,0,0,0,0,0,0,0,0,0,0,0,0,0,0,0,1,1,1,0,1,1,1,1,1,1,1,1,1,1,1,1,1,0,0,1,0,0,0,0,0,0,0,0,0,0,0,0,0,0,0,2,4,4,5,4,4,2,4,4,1,5,5,1,4,2,3,1,1,1,0,0,1,0,0,1
,3,1,5,1,1,1,1.0,0.0,1,1.0,1.0,1.0,0.0,1,0,1,1,0,1,1,0,1,0,0,0,1,0,0,0,1,0,0,1,0,0,0,0,0,0,0,1,0,0,1,1,0,1,1,0,0,0,0,0,1,0,0,1,1,1,1,0,1,1,1,0,1,0,0,0,1,0,1,1,1,1,0,0,0,0,0,0,1,3,4,5,2,5,5,4,4,2,2,3,4,5,2,5,3,5,4,0,0,1,1,0,1
68.0,0,0,,0,1,1,0.0,0.0,0,0.0,0.0,0.0,0.0,0,0,0,0,0,0,0,0,0,0,0,0,0,0,0,1,0,0,0,0,0,0,0,0,0,0,0,0,0,0,0,0,0,0,0,0,0,0,0,0,1,0,1,1,0,0,1,1,1,0,1,0,0,0,0,0,0,0,0,0,0,0,0,0,0,0,0,0,3,5,5,5,5,4,4,5,2,1,4,5,3,4,5,4,2,2,4,1,0,0,0,0,0
60.0,1,1,5,1,1,1,1.0,1.0,0,1.0,0.0,1.0,1.0,1,1,1,1,1,1,0,1,0,0,0,0,0,0,0,1,0,0,0,1,1,1,0,1,0,1,0,0,0,1,1,0,1,0,0,0,0,0,0,0,1,0,1,1,1,0,1,1,1,0,1,1,0,0,0,0,0,0,0,0,0,0,0,0,0,0,0,0,5,5,5,4,4,5,1,1,2,2,4,4,3,4,2,2,5,3,2,1,1,1,0,0,1
47.0,1,0,1,1,1,1,1.0,0.0,0,0.0,0.0,1.0,0.0,1,1,0,0,0,1,0,1,0,0,0,0,0,0,0,1,0,1,0,0,0,0,0,0,0,0,0,0,0,0,0,0,0,1,0,1,1,1,0,0,1,0,0,0,1,1,0,0,0,0,0,0,0,0,0,0,0,0,0,0,0,0,0,0,0,0,0,0,4,5,4,4,2,5,4,5,1,5,5,5,5,3,5,3,3,4,1,1,1,1,0,0,0
54.0,1,1,5,1,1,0,,1.0,0,1.0,1.0,1.0,0.0,0,0,0,0,0,1,1,1,1,1,0,0,1,0,1,1,0,0,0,0,0,0,0,0,0,0,0,0,0,0,0,0,0,0,0,0,0,0,0,0,1,0,0,0,0,0,0,0,0,0,0,0,1,0,0,1,0,0,1,1,0,1,1,1,1,1,0,0,4,5,4,5,4,5,4,4,1,3,5,4,5,4,2,3,5,4,5,0,0,1,0,0,0
61.0,0,0,5,1,1,1,,1.0,1,1.0,0.0,1.0,0.0,0,0,1,0,0,1,1,1,0,1,1,1,0,0,1,1,1,1,0,0,0,0,0,0,0,0,0,0,0,0,0,0,0,1,1,0,0,0,1,0,1,0,1,1,1,1,0,0,0,0,0,0,0,0,0,0,0,0,0,0,0,0,0,0,0,0,0,0,4,4,4,3,3,5,5,5,1,2,5,5,4,4,1,3,2,2,3,1,0,1,0,0,0
40.0,3,0,1,1,1,0,1.0,1.0,1,1.0,1.0,0.0,0.0,1,1,1,0,1,1,1,1,0,0,0,1,0,0,0,1,0,1,0,0,0,0,0,0,0,0,0,0,0,0,0,0,0,0,0,0,0,0,0,0,0,1,0,0,0,0,0,0,0,0,0,0,1,0,0,0,0,1,1,1,0,0,1,1,0,0,0,0,5,5,4,1,2,4,5,2,1,5,4,4,5,3,3,4,4,4,1,0,0,1,0,0,0
89.0,4,1,5,1,1,1,0.0,0.0,0,1.0,0.0,1.0,0.0,1,1,1,0,1,1,1,0,1,0,0,0,0,0,0,0,1,1,0,1,0,0,0,1,0,1,0,0,0,1,1,0,0,1,1,1,1,1,0,0,1,1,1,1,0,0,1,1,0,0,1,0,0,0,0,0,0,0,0,0,0,0,0,0,0,0,0,0,4,4,4,4,5,5,4,5,1,1,3,5,2,4,5,5,3,1,1,0,0,1,1,1,0
20.0,2,1,,1,1,0,1.0,1.0,0,0.0,1.0,0.0,0.0,1,0,1,1,1,1,0,0,0,0,0,0,0,0,0,1,0,0,0,1,1,0,0,0,1,0,0,0,1,0,1,0,1,0,0,0,0,0,0,0,1,1,0,0,0,0,0,0,0,0,0,0,1,1,0,0,0,0,0,1,0,0,0,0,0,0,0,0,5,5,5,4,5,1,4,5,1,1,5,4,2,4,4,2,3,4,3,0,0,0,0,0,0
42.0,3,0,1,1,1,1,1.0,1.0,1,1.0,0.0,1.0,0.0,0,1,0,1,0,1,0,1,0,0,0,0,0,0,0,1,0,0,0,1,1,0,0,1,1,0,0,0,1,1,0,1,1,1,0,1,1,0,0,1,0,0,1,1,0,0,1,1,1,0,0,1,0,0,0,0,0,0,0,0,0,0,0,0,0,0,0,0,5,4,1,4,4,4,5,5,2,1,5,4,1,5,5,2,2,4,5,0,0,1,0,0,0
48.0,1,0,5,1,1,1,1.0,1.0,1,1.0,1.0,1.0,0.0,0,1,1,0,0,1,0,1,0,0,0,0,0,0,0,1,0,1,0,1,1,0,0,0,0,1,0,0,1,0,0,0,0,1,1,0,1,0,0,0,1,1,1,1,1,1,1,1,1,0,1,0,1,0,0,0,1,0,0,0,0,0,0,0,0,0,0,0,4,4,4,1,4,3,4,4,2,3,5,4,5,4,3,4,1,3,5,1,1,1,0,0,0
78.0,0,,5,0,1,1,0.0,0.0,0,0.0,0.0,0.0,0.0,0,0,0,0,0,0,0,0,0,0,0,0,0,0,0,1,0,0,0,0,0,0,0,0,0,0,0,0,0,0,0,0,0,0,0,0,0,0,0,0,1,0,1,1,0,0,1,1,0,1,1,1,0,0,0,0,0,0,0,0,0,0,0,0,0,0,0,0,5,4,4,5,5,3,5,4,1,2,4,4,2,2,2,5,1,3,4,1,0,0,0,0,0
74.0,0,0,5,0,1,1,0.0,,0,0.0,0.0,0.0,0.0,0,0,0,0,0,0,0,0,0,0,0,0,0,0,0,1,0,0,0,0,0,0,0,0,0,0,0,0,0,0,0,0,0,0,0,0,0,0,0,0,1,1,1,1,1,1,1,1,1,1,1,1,0,0,0,0,0,0,0,0,0,0,0,0,0,0,0,0,5,4,4,4,4,4,4,4,3,1,5,5,1,3,5,5,3,4,4,1,0,0,0,0,0
73.0,0,1,5,1,1,1,,0.0,0,0.0,1.0,0.0,0.0,1,0,0,1,0,1,1,1,0,1,0,1,0,0,0,1,1,0,0,0,0,0,0,0,0,0,0,0,0,0,0,0,0,0,0,0,0,0,0,0,1,1,1,1,1,1,1,1,1,0,1,1,0,0,0,0,0,0,0,0,0,0,0,0,0,0,0,0,4,1,1,4,3,5,2,5,2,2,5,4,5,4,2,4,2,4,3,0,0,1,0,0,0
87.0,4,0,5,1,1,1,1.0,1.0,1,1.0,0.0,1.0,0.0,0,0,0,0,0,1,1,1,1,1,1,1,0,0,0,0,1,0,1,1,1,0,1,1,0,0,0,1,1,1,0,0,1,1,0,1,0,0,1,1,1,1,0,1,1,1,1,0,0,0,1,1,0,0,0,0,0,0,0,0,0,0,0,0,0,0,0,0,4,4,5,4,4,5,3,4,2,3,5,4,5,3,2,5,4,5,5,0,0,1,1,1,0
43.0,3,1,1,1,1,1,0.0,0.0,1,0.0,0.0,1.0,0.0,1,1,0,0,0,1,0,1,0,0,0,0,0,0,0,1,1,0,1,1,1,1,0,0,0,1,0,0,0,1,0,0,0,1,1,1,0,0,1,0,1,1,1,1,0,0,1,1,0,1,0,1,0,0,0,0,0,0,0,0,0,0,0,0,0,0,0,0,4,5,5,4,5,5,2,4,1,2,1,5,1,4,1,5,5,5,5,1,1,1,1,0,0
38.0,3,0,2,1,1,1,1.0,1.0,1,1.0,0.0,1.0,0.0,1,1,1,0,0,1,1,1,1,1,1,1,1,0,0,1,1,0,0,1,1,0,0,0,1,0,0,0,1,0,0,0,1,0,0,0,0,0,0,0,1,1,0,0,1,0,1,1,0,1,0,0,0,0,0,0,0,0,0,0,0,0,0,0,0,0,0,0,4,3,3,5,5,5,5,4,1,2,4,5,4,5,3,1,2,3,3,1,1,1,0,0,0
40.0,3,,5,1,1,1,1.0,0.0,0,1.0,0.0,0.0,0.0,1,0,0,1,1,1,1,0,1,0,0,0,1,0,0,0,0,0,0,1,1,0,0,0,1,0,0,0,1,0,0,0,0,1,1,0,0,0,0,0,1,1,1,1,0,0,1,1,0,0,0,0,0,0,0,0,0,0,0,0,0,0,0,0,0,0,0,0,5,4,5,5,4,4,4,4,1,1,5,5,5,3,5,1,5,4,3,0,0,1,0,1,0
38.0,3,2,5,1,1,1,1.0,1.0,1,1.0,0.0,,,0,1,0,1,1,1,1,1,0,0,0,1,0,0,0,1,0,0,1,1,1,0,0,0,1,0,0,0,1,0,1,0,1,0,0,0,0,0,0,0,1,1,1,1,1,1,1,1,1,0,0,0,0,0,0,0,0,0,0,0,0,0,0,0,0,0,0,0,4,5,4,4,5,5,2,5,2,1,4,5,4,5,2,4,5,2,5,1,1,1,0,0,1
46.0,1,0,,1,1,0,0.0,0.0,0,1.0,0.0,0.0,0.0,1,0,0,0,1,1,1,1,1,1,1,0,1,0,0,1,0,0,1,0,0,0,0,0,0,0,0,0,0,0,0,0,0,0,0,0,0,0,0,0,1,0,0,0,0,0,0,0,0,0,0,0,0,0,0,0,0,0,0,0,0,0,0,0,0,0,0,0,4,4,4,4,1,5,5,4,2,1,3,5,4,3,5,3,3,4,3,1,0,1,0,1,0
44.0,3,0,2,1,1,1,1.0,1.0,0,1.0,0.0,0.0,0.0,0,0,1,0,1,1,1,1,1,1,0,0,0,0,0,1,1,1,1,1,1,0,1,0,0,0,0,1,1,1,1,0,0,1,1,0,1,0,0,0,1,0,1,1,1,1,1,1,0,0,0,0,0,0,0,0,0,0,0,0,0,0,0,0,0,0,0,0,5,5,3,3,5,5,3,1,2,5,4,4,5,5,5,5,3,4,2,0,0,1,1,0,0
51.0,1,1,2,0,1,1,0.0,0.0,0,0.0,0.0,0.0,0.0,0,0,0,0,0,0,0,0,0,0,0,0,0,0,0,0,0,0,0,0,0,0,0,0,0,0,0,0,0,0,0,0,0,0,0,0,0,0,0,0,1,1,1,1,1,1,1,0,1,1,0,0,0,0,0,0,0,0,0,0,0,0,0,0,0,0,0,0,4,5,1,1,4,5,4,4,1,3,5,4,5,5,4,5,4,4,4,1,0,0,0,0,0
34.0,3,0,5,1,1,0,0.0,1.0,0,1.0,0.0,0.0,0.0,0,1,0,0,0,1,0,1,0,0,0,0,0,0,0,0,1,0,0,1,0,1,0,0,0,1,0,0,1,1,1,0,1,0,0,0,0,0,0,0,0,1,0,0,0,0,0,0,0,0,0,0,0,0,0,0,0,0,0,0,0,0,0,0,0,0,0,0,4,5,5,4,5,3,4,4,1,1,1,5,2,4,5,2,5,4,1,1,0,0,0,0,0
25.0,2,0,1,1,1,0,1.0,1.0,1,0.0,0.0,1.0,0.0,0,1,1,0,0,1,1,1,1,1,1,0,0,0,0,1,1,1,0,1,0,1,0,0,0,1,0,0,1,0,0,0,1,0,0,0,0,0,0,0,1,0,0,0,0,0,0,0,0,0,0,0,1,0,0,0,0,0,0,0,0,0,0,0,0,0,0,0,4,5,5,1,2,5,5,5,2,2,1,5,5,3,5,5,4,5,4,0,0,1,0,0,0
70.0,0,1,2,0,1,1,0.0,0.0,0,,0.0,0.0,0.0,0,0,0,0,0,0,0,0,0,0,0,0,0,0,0,0,0,0,0,0,0,0,0,0,0,0,0,0,0,0,0,0,0,0,0,0,0,0,0,0,1,0,0,1,1,1,1,1,0,1,1,0,0,0,0,0,0,0,0,0,0,0,0,0,0,0,0,0,2,4,5,2,5,4,2,2,5,2,4,5,5,3,1,3,3,1,2,1,0,0,0,0,0
57.0,1,1,,1,1,0,1.0,1.0,0,1.0,,0.0,1.0,1,1,0,0,1,1,1,0,1,0,1,1,0,0,0,0,0,1,0,0,0,0,0,0,0,0,0,0,0,0,0,0,0,0,0,0,0,0,0,0,1,1,0,0,0,0,0,0,0,0,0,0,0,0,0,0,0,0,0,0,0,0,0,0,0,0,0,0,2,2,3,5,5,5,4,3,2,1,4,4,4,5,4,2,1,2,4,1,0,1,1,1,0
35.0,3,0,1,1,1,0,0.0,0.0,0,1.0,0.0,0.0,0.0,1,1,0,1,0,1,0,0,0,0,0,0,0,0,0,1,0,0,1,1,1,0,0,0,0,1,0,0,1,1,0,0,1,0,0,0,0,0,0,0,1,1,0,0,0,0,0,0,0,0,0,0,1,0,0,0,1,0,1,0,1,1,1,0,1,0,1,0,4,5,3,4,4,2,3,5,1,1,5,5,5,3,4,5,4,4,1,0,0,1,0,1,1
45.0,1,0,0,1,1,0,1.0,1.0,1,1.0,0.0,0.0,0.0,1,0,0,0,0,1,0,0,0,0,0,0,0,0,0,1,0,0,1,1,0,1,0,1,0,1,0,0,0,1,0,1,1,0,0,0,0,0,0,0,1,1,0,0,0,0,0,0,0,0,0,0,0,0,0,0,0,0,0,0,0,0,0,0,0,0,0,0,5,4,4,2,5,4,4,5,4,2,5,5,1,3,3,2,4,4,3,0,0,1,0,0,0
38.0,3,,5,1,1,1,0.0,1.0,0,1.0,0.0,1.0,0.0,1,0,1,1,0,1,1,1,0,0,0,0,0,0,0,1,0,1,1,1,1,0,0,1,0,0,0,1,1,1,0,0,0,1,1,1,0,1,0,0,1,1,1,1,1,0,1,1,0,0,1,1,0,0,0,0,0,0,0,0,0,0,0,0,0,0,0,0,2,1,4,5,5,5,4,4,1,1,4,5,2,4,5,2,4,4,5,1,0,1,0,0,0
59.0,1,1,5,1,1,0,1.0,0.0,0,1.0,0.0,0.0,0.0,1,0,0,0,0,1,1,0,0,0,1,0,0,0,1,1,1,0,0,1,0,0,0,0,0,1,0,0,0,0,0,1,0,0,0,0,0,0,0,0,1,1,0,0,0,0,0,0,0,0,0,0,0,0,0,0,0,0,0,0,0,0,0,0,0,0,0,0,4,1,2,3,5,3,5,4,1,2,4,4,4,1,4,5,2,1,4,1,1,1,0,0,1
76.0,0,,5,1,1,1,0.0,1.0,1,1.0,0.0,1.0,0.0,0,0,1,0,1,1,0,0,0,0,0,0,0,0,0,1,0,1,1,1,0,0,0,0,1,0,0,0,0,1,1,1,1,0,0,0,0,0,0,0,1,1,1,1,1,0,1,1,1,0,1,1,0,0,0,0,0,0,0,0,0,0,0,0,0,0,0,0,4,4,3,4,4,5,5,5,2,1,4,4,3,4,1,5,5,3,3,0,0,0,1,0,1
30.0,3,0,,1,1,1,1.0,0.0,0,1.0,0.0,0.0,0.0,1,1,0,1,0,1,0,1,0,0,0,0,0,0,0,1,1,0,1,0,0,0,0,0,0,0,0,0,0,0,0,0,0,1,0,0,0,1,1,0,1,0,1,1,1,1,1,0,1,1,0,0,0,0,0,0,0,0,0,0,0,0,0,0,0,0,0,0,5,4,4,4,4,4,1,5,2,1,4,2,2,1,5,5,4,1,1,0,0,1,0,0,1
46.0,1,,,0,1,1,0.0,0.0,0,0.0,0.0,0.0,0.0,0,0,0,0,0,0,0,0,0,0,0,0,0,0,0,0,0,0,0,0,0,0,0,0,0,0,0,0,0,0,0,0,0,0,0,0,0,0,0,0,1,0,1,1,0,0,1,0,0,1,1,0,1,1,0,0,0,0,1,0,0,0,0,0,1,0,0,1,3,4,4,4,4,2,4,2,1,2,5,4,5,1,5,5,4,2,3,0,0,0,0,0,0
58.0,1,1,5,0,1,1,0.0,0.0,0,0.0,0.0,0.0,0.0,0,0,0,0,0,0,0,0,0,0,0,0,0,0,0,0,0,0,0,0,0,0,0,0,0,0,0,0,0,0,0,0,0,0,0,0,0,0,0,0,1,0,1,0,1,1,1,1,1,1,1,1,0,0,0,0,0,0,0,0,0,0,0,0,0,0,0,0,5,3,4,5,5,5,3,4,4,2,1,5,1,5,1,5,5,2,5,0,0,0,0,0,0
58.0,1,1,5,1,1,0,1.0,0.0,1,1.0,1.0,1.0,0.0,1,0,0,0,0,1,0,0,0,0,0,0,0,0,0,0,1,1,0,0,0,0,0,0,0,0,0,0,0,0,0,0,0,0,0,0,0,0,0,0,1,1,0,0,0,0,0,0,0,0,0,0,0,0,0,0,0,0,0,0,0,0,0,0,0,0,0,0,5,4,4,5,5,4,5,2,1,1,4,5,5,4,1,3,4,1,3,0,0,1,0,0,0
58.0,1,1,5,1,1,1,1.0,1.0,0,1.0,0.0,0.0,0.0,0,0,1,0,0,1,1,1,1,0,0,0,0,0,0,0,0,1,1,0,0,0,0,0,0,0,0,0,0,0,0,0,0,0,0,0,0,0,0,0,1,1,1,1,0,0,1,1,1,1,1,0,0,0,0,0,0,0,0,0,0,0,0,0,0,0,0,0,5,4,3,4,5,4,4,4,2,2,1,5,2,3,1,4,4,3,3,1,1,1,0,0,0
19.0,2,1,1,0,1,1,0.0,0.0,0,0.0,0.0,0.0,0.0,0,0,0,0,0,0,0,0,0,0,0,0,0,0,0,1,0,0,0,0,0,0,0,0,0,0,0,0,0,0,0,0,0,0,0,0,0,0,0,0,0,1,1,1,1,1,1,1,0,1,1,1,0,0,0,0,0,0,0,0,0,0,0,0,0,0,0,0,5,4,4,4,2,5,4,3,2,2,4,3,5,5,1,2,3,5,5,1,0,0,0,0,0
60.0,1,0,1,1,1,1,1.0,1.0,0,,1.0,,0.0,1,1,0,0,1,0,1,0,1,1,1,1,0,0,0,1,1,0,0,0,0,0,0,0,0,0,0,0,0,0,0,0,0,1,1,1,1,1,1,0,0,0,1,1,1,1,1,1,1,1,1,0,0,0,0,0,0,0,0,0,0,0,0,0,0,0,0,0,4,4,4,4,4,1,4,4,3,1,5,4,1,2,4,2,5,4,5,1,1,1,1,0,0
51.0,1,0,1,1,1,1,1.0,0.0,1,1.0,1.0,1.0,0.0,1,0,1,0,0,1,1,1,1,0,0,0,1,1,0,0,1,0,0,1,1,1,1,0,0,1,0,0,1,1,1,1,0,1,0,0,1,0,0,1,1,1,1,1,0,0,1,1,0,1,0,0,0,0,0,0,0,0,0,0,0,0,0,0,0,0,0,0,4,5,5,2,5,2,5,3,1,1,3,3,4,3,4,3,3,5,4,1,1,1,0,0,0
59.0,1,1,5,1,1,0,1.0,1.0,0,1.0,1.0,1.0,0.0,1,1,0,0,1,1,0,0,0,0,0,0,0,0,0,1,1,1,0,1,1,0,0,0,1,0,0,0,0,1,1,1,0,0,0,0,0,0,0,0,0,1,0,0,0,0,0,0,0,0,0,0,0,0,0,0,0,0,0,0,0,0,0,0,0,0,0,0,5,3,4,5,1,4,1,2,2,2,4,5,1,1,5,4,3,1,5,0,0,1,1,1,0
35.0,3,1,5,1,1,1,1.0,0.0,0,,1.0,1.0,0.0,0,0,0,0,0,1,1,0,1,0,0,1,1,0,0,0,0,1,0,1,1,1,0,1,0,1,0,0,1,0,1,0,0,0,0,0,0,0,0,0,1,1,1,1,0,0,1,1,0,1,1,0,0,0,0,0,0,0,0,0,0,0,0,0,0,0,0,0,4,5,4,1,4,2,5,5,1,2,5,1,5,1,1,2,3,4,4,0,0,1,0,0,0
,2,0,0,1,1,1,0.0,0.0,0,1.0,1.0,0.0,0.0,0,1,1,1,0,1,0,1,0,0,0,0,0,0,0,1,1,1,1,0,0,0,0,0,0,0,0,0,0,0,0,0,0,1,0,0,0,1,0,0,1,0,0,1,1,1,1,1,0,0,1,0,0,0,0,0,0,0,0,0,0,0,0,0,0,0,0,0,5,4,4,2,1,4,4,4,2,2,4,4,5,4,3,1,2,4,4,1,1,1,0,0,0
58.0,1,,5,0,1,1,0.0,,0,0.0,0.0,0.0,0.0,0,0,0,0,0,0,0,0,0,0,0,0,0,0,0,0,0,0,0,0,0,0,0,0,0,0,0,0,0,0,0,0,0,0,0,0,0,0,0,0,1,0,0,1,1,1,1,1,1,1,0,0,0,0,0,0,0,0,0,0,0,0,0,0,0,0,0,0,4,5,4,4,4,4,4,4,3,3,5,5,4,3,4,3,2,4,1,1,0,0,0,0,0
48.0,1,0,5,1,1,1,1.0,1.0,0,1.0,1.0,1.0,0.0,1,1,0,0,1,1,1,0,1,1,0,0,1,1,0,1,1,0,0,1,0,1,1,0,1,0,0,0,1,1,0,1,1,1,1,1,1,0,0,0,1,1,0,1,1,1,1,1,1,1,0,1,0,0,0,0,0,0,0,0,0,0,0,0,0,0,0,0,4,4,4,5,3,5,2,5,2,1,3,5,4,2,1,1,2,5,2,0,0,1,0,0,0
45.0,1,1,5,0,1,1,0.0,0.0,0,0.0,0.0,0.0,0.0,0,0,0,0,0,0,0,0,0,0,0,0,0,0,0,1,0,0,0,0,0,0,0,0,0,0,0,0,0,0,0,0,0,0,0,0,0,0,0,0,0,1,1,0,1,1,1,0,0,1,1,1,0,0,0,0,0,0,0,0,0,0,0,0,0,0,0,0,2,4,5,2,3,4,3,3,2,3,5,1,2,5,3,3,4,3,4,0,0,0,0,0,0
42.0,3,0,5,1,1,0,1.0,0.0,1,1.0,0.0,0.0,0.0,1,0,1,0,0,1,1,1,1,1,0,0,0,0,0,1,0,0,0,1,0,0,0,1,0,1,0,0,1,0,1,0,1,0,0,0,0,0,0,0,1,1,0,0,0,0,0,0,0,0,0,0,0,0,0,0,0,0,0,0,0,0,0,0,0,0,0,0,4,4,4,5,5,5,2,2,2,2,3,4,5,5,5,4,4,4,4,0,0,1,0,0,1
25.0,2,,2,1,1,1,1.0,0.0,0,1.0,0.0,1.0,0.0,1,0,0,0,1,1,1,1,1,0,1,0,0,0,0,0,0,0,1,1,1,0,0,0,0,0,1,0,1,0,1,1,0,0,0,0,0,0,0,0,1,0,1,0,0,0,0,0,0,0,0,0,0,0,0,0,0,0,0,0,0,0,0,0,0,0,0,0,4,4,5,4,5,4,1,4,2,2,5,5,5,4,2,4,1,4,4,1,0,1,0,0,0
47.0,1,0,,1,1,1,0.0,0.0,0,1.0,0.0,1.0,0.0,1,0,0,0,0,1,1,0,1,1,0,0,1,1,0,0,0,1,1,1,1,0,0,1,1,0,0,0,0,1,1,0,0,1,0,0,0,1,0,0,1,1,1,1,1,1,1,1,0,1,0,0,0,0,0,0,0,0,0,0,0,0,0,0,0,0,0,0,4,4,1,5,4,1,2,3,2,2,1,5,4,4,1,3,5,2,4,0,0,1,0,0,0
55.0,1,0,2,1,1,1,1.0,1.0,0,0.0,0.0,1.0,0.0,1,0,1,0,0,1,1,1,1,0,1,1,0,1,0,0,1,1,1,0,0,0,0,0,0,0,0,0,0,0,0,0,0,1,1,0,1,0,1,0,1,1,1,1,0,0,0,0,0,0,0,0,1,1,0,1,0,0,0,0,0,0,0,0,0,0,0,0,5,5,4,4,5,4,5,4,2,1,4,5,2,4,5,2,5,5,1,1,0,1,0,0,1
,3,0,2,1,1,1,1.0,0.0,1,1.0,0.0,1.0,0.0,1,1,0,1,1,1,1,1,0,0,1,0,0,0,0,1,1,1,0,1,0,0,0,0,0,1,0,0,1,1,0,1,0,1,1,1,1,0,1,0,0,0,0,1,0,0,1,0,0,0,0,0,0,0,0,0,0,0,0,0,0,0,0,0,0,0,0,0,1,5,5,4,5,4,4,2,1,1,4,5,4,4,5,1,5,4,3,1,1,1,0,1,1
62.0,0,0,5,1,1,1,1.0,1.0,1,1.0,1.0,0.0,0.0,1,0,0,0,1,1,1,0,1,1,0,0,0,1,0,1,0,1,1,1,1,1,0,0,1,0,0,0,1,0,1,0,1,0,0,0,0,0,0,0,1,0,1,1,0,0,1,0,1,1,1,0,0,0,0,0,0,0,0,0,0,0,0,0,0,0,0,0,2,4,5,3,4,4,4,4,3,1,5,2,5,3,2,2,3,5,4,1,0,1,0,0,0
58.0,1,0,5,1,1,1,1.0,1.0,0,1.0,0.0,1.0,0.0,1,0,1,0,0,1,1,0,1,0,0,1,0,1,0,1,0,1,0,1,1,0,0,0,1,0,0,0,1,0,0,1,0,0,0,0,0,0,0,0,1,0,0,1,1,1,1,1,1,0,1,0,0,0,0,0,0,0,0,0,0,0,0,0,0,0,0,0,4,4,5,4,2,4,4,3,1,2,4,4,4,2,4,3,2,5,2,1,1,1,0,0,0
38.0,3,0,2,1,1,1,1.0,1.0,0,0.0,0.0,1.0,,1,1,0,1,0,1,1,1,1,0,0,0,0,0,0,0,1,1,1,1,0,0,0,0,0,1,0,0,0,0,0,1,0,1,0,1,1,1,0,0,0,1,1,1,1,1,1,1,1,1,0,0,0,0,0,0,0,0,0,0,0,0,0,0,0,0,0,0,4,1,4,4,4,4,2,4,2,2,1,5,5,4,5,5,3,2,4,0,0,1,0,1,0
48.0,1,0,5,1,1,1,0.0,1.0,1,1.0,1.0,0.0,0.0,1,1,1,0,1,1,1,0,1,0,0,0,0,0,1,1,1,1,0,1,1,0,0,0,1,0,0,0,0,0,0,1,0,1,0,0,1,1,0,1,1,1,1,1,0,0,1,1,0,0,0,0,0,0,0,0,0,0,0,0,0,0,0,0,0,0,0,0,4,5,4,4,4,5,4,4,1,1,5,5,3,5,5,4,1,5,2,1,1,1,0,0,0
73.0,0,0,5,0,1,1,0.0,0.0,0,0.0,0.0,0.0,0.0,0,0,0,0,0,0,0,0,0,0,0,0,0,0,0,1,0,0,0,0,0,0,0,0,0,0,0,0,0,0,0,0,0,0,0,0,0,0,0,0,0,0,1,0,1,0,0,0,0,0,0,0,0,0,0,0,0,0,0,0,0,0,0,0,0,0,0,0,2,4,5,4,4,3,4,2,2,1,5,3,5,5,3,5,1,4,4,1,0,0,0,0,0
61.0,0,1,0,1,1,0,1.0,1.0,0,1.0,1.0,0.0,0.0,0,0,1,0,1,1,1,0,1,0,1,0,0,0,0,0,1,1,0,1,1,1,1,0,1,0,0,0,1,0,1,0,0,0,0,0,0,0,0,0,0,0,0,0,0,0,0,0,0,0,0,0,0,0,0,0,0,0,0,0,0,0,0,0,0,0,0,0,5,5,5,5,5,5,4,4,4,2,5,1,2,4,4,4,2,5,2,1,1,1,0,0,0
78.0,0,1,2,0,1,1,0.0,0.0,0,0.0,0.0,0.0,0.0,0,0,0,0,0,0,0,0,0,0,0,0,0,0,0,1,0,0,0,0,0,0,0,0,0,0,0,0,0,0,0,0,0,0,0,0,0,0,0,0,0,1,0,0,1,1,1,0,1,1,1,0,0,0,0,0,0,0,0,0,0,0,0,0,0,0,0,0,5,1,4,5,3,5,4,3,1,3,3,4,4,1,2,2,1,1,2,0,0,0,0,0,0
52.0,1,1,5,1,1,0,0.0,1.0,0,1.0,1.0,1.0,,1,0,1,0,0,1,1,1,1,1,0,0,0,0,0,0,1,1,1,0,0,0,0,0,0,0,0,0,0,0,0,0,0,0,0,0,0,0,0,0,1,0,0,0,0,0,0,0,0,0,0,0,0,0,0,0,0,0,0,0,0,0,0,0,0,0,0,0,5,5,4,5,5,4,4,5,2,2,5,5,5,4,5,5,2,4,2,0,0,0,0,1,0
76.0,0,0,5,0,1,1,,0.0,0,0.0,0.0,0.0,0.0,0,0,0,0,0,0,0,0,0,0,0,0,0,0,0,0,0,0,0,0,0,0,0,0,0,0,0,0,0,0,0,0,0,0,0,0,0,0,0,0,1,0,1,1,1,1,1,1,1,0,0,1,0,0,0,0,0,0,0,0,0,0,0,0,0,0,0,0,4,4,4,5,3,5,4,4,3,1,2,5,3,4,4,4,5,1,3,1,0,0,0,0,0
39.0,3,0,5,0,1,0,0.0,0.0,0,0.0,0.0,0.0,0.0,0,0,0,0,0,0,0,0,0,0,0,0,0,0,0,1,0,0,0,0,0,0,0,0,0,0,0,0,0,0,0,0,0,0,0,0,0,0,0,0,0,1,0,0,0,0,0,0,0,0,0,0,1,1,0,0,0,0,0,1,0,0,0,0,0,0,0,0,5,3,4,4,4,4,2,4,1,4,4,4,1,4,2,5,2,5,5,1,0,0,0,0,0
51.0,1,1,,0,1,1,0.0,0.0,0,0.0,0.0,0.0,0.0,0,0,0,0,0,0,0,0,0,0,0,0,0,0,0,1,0,0,0,0,0,0,0,0,0,0,0,0,0,0,0,0,0,0,0,0,0,0,0,0,0,1,0,1,1,1,1,0,0,0,0,1,0,0,0,0,0,0,0,0,0,0,0,0,0,0,0,0,3,4,5,4,5,3,5,3,2,1,4,4,4,5,5,5,3,5,2,0,0,0,0,0,0
25.0,2,1,2,1,1,1,0.0,1.0,0,1.0,1.0,0.0,0.0,0,1,1,0,0,0,1,1,1,0,1,0,0,0,0,1,0,1,1,0,0,0,0,0,0,0,0,0,0,0,0,0,0,0,0,0,0,0,0,0,1,1,0,0,0,0,1,0,1,0,0,0,1,1,0,0,0,0,1,1,1,1,1,0,1,1,0,0,2,3,5,5,3,2,2,4,2,2,5,5,5,2,2,4,3,1,3,1,0,1,0,0,0
60.0,1,0,5,1,1,0,1.0,0.0,1,1.0,1.0,1.0,0.0,0,0,0,0,0,1,0,1,0,0,0,0,0,0,0,0,1,1,1,0,0,0,0,0,0,0,0,0,0,0,0,0,0,0,0,0,0,0,0,0,1,1,0,0,0,0,0,0,0,0,0,0,0,0,0,0,0,0,0,0,0,0,0,0,0,0,0,0,5,5,4,4,5,5,5,4,2,2,5,3,4,1,5,4,2,3,2,0,0,1,0,0,0
53.0,1,1,1,1,1,1,1.0,1.0,1,0.0,,0.0,0.0,0,0,1,0,0,1,1,1,1,1,0,0,0,1,1,1,0,0,1,1,1,1,0,1,1,0,0,0,0,0,0,1,0,1,0,0,0,0,0,0,1,0,1,1,1,1,1,0,1,0,1,0,0,0,0,0,0,0,0,0,0,0,0,0,0,0,0,0,4,4,4,5,5,5,5,3,1,1,4,5,4,5,5,5,5,3,1,1,1,1,0,0,0
53.0,1,0,2,1,1,1,1.0,1.0,0,1.0,0.0,1.0,0.0,0,0,0,0,0,0,0,0,0,0,0,0,0,0,0,1,1,0,0,0,0,0,0,0,0,0,0,0,0,0,0,0,0,1,0,1,1,0,1,0,1,0,0,0,0,0,1,1,1,0,1,0,0,0,0,0,0,0,0,0,0,0,0,0,0,0,0,0,4,5,5,4,5,2,4,4,1,1,4,5,5,2,5,4,4,3,3,0,0,0,0,0,0
53.0,1,0,2,0,1,1,0.0,0.0,0,0.0,0.0,0.0,0.0,0,0,0,0,0,0,0,0,0,0,0,0,0,0,0,1,0,0,0,0,0,0,0,0,0,0,0,0,0,0,0,0,0,0,0,0,0,0,0,0,1,0,1,1,1,1,1,1,1,0,1,1,0,0,0,0,0,0,0,0,0,0,0,0,0,0,0,0,5,1,4,4,5,5,1,5,2,1,5,5,1,4,4,2,1,1,3,1,0,0,0,0,0
20.0,2,1,2,0,1,0,,0.0,0,0.0,0.0,0.0,0.0,0,0,0,0,0,0,0,0,0,0,0,0,0,0,0,1,0,0,0,0,0,0,0,0,0,0,0,0,0,0,0,0,0,0,0,0,0,0,0,0,0,1,0,0,0,0,0,0,0,0,0,0,1,1,0,0,0,0,0,1,0,0,0,0,0,0,0,0,5,1,4,5,5,5,5,4,3,2,4,5,4,4,5,2,3,5,5,0,0,0,0,0,0
38.0,3,1,5,0,1,1,0.0,0.0,0,0.0,0.0,0.0,0.0,0,0,0,0,0,0,0,0,0,0,0,0,0,0,0,1,0,0,0,0,0,0,0,0,0,0,0,0,0,0,0,0,0,0,0,0,0,0,0,0,1,1,1,1,0,0,1,1,0,1,1,0,0,0,0,0,0,0,0,0,0,0,0,0,0,0,0,0,4,4,4,5,5,5,5,5,2,2,5,5,5,1,5,5,5,2,1,1,0,0,0,0,0
63.0,0,1,5,1,1,1,0.0,0.0,1,0.0,0.0,1.0,0.0,1,1,0,0,1,0,1,0,1,0,0,0,0,0,0,1,0,1,1,0,0,0,0,0,0,0,0,0,0,0,0,0,0,1,0,1,0,0,0,0,1,0,1,0,0,0,1,1,1,1,0,1,0,0,0,0,0,0,0,0,0,0,0,0,0,0,0,0,2,5,4,5,4,5,4,4,2,3,3,4,2,4,5,1,3,3,5,1,1,1,0,0,0
82.0,4,1,5,1,1,0,1.0,0.0,1,1.0,,0.0,0.0,1,0,0,0,1,1,1,0,0,0,0,0,0,1,0,1,0,0,0,1,1,0,1,0,1,0,0,0,1,1,0,1,0,0,0,0,0,0,0,0,1,1,0,0,0,0,0,0,0,0,0,0,1,0,0,0,0,0,1,0,1,0,1,0,0,0,0,0,4,5,2,5,4,4,1,5,1,2,2,5,3,3,5,2,1,3,3,1,1,1,0,0,0
54.0,1,1,5,1,1,1,0.0,,0,1.0,1.0,0.0,0.0,1,1,0,0,0,1,1,0,1,0,0,0,1,0,0,1,0,1,1,1,0,0,1,0,1,0,0,0,0,0,0,0,1,1,1,0,1,0,0,0,0,1,1,1,1,1,1,1,0,0,1,1,1,1,1,0,0,1,1,0,0,1,0,0,0,0,0,1,5,4,5,4,5,4,4,4,2,1,4,4,3,5,4,4,3,1,5,0,0,1,0,0,0
41.0,3,0,5,0,1,1,0.0,0.0,0,0.0,0.0,,0.0,0,0,0,0,0,0,0,0,0,0,0,0,0,0,0,0,0,0,0,0,0,0,0,0,0,0,0,0,0,0,0,0,0,0,0,0,0,0,0,0,0,1,1,0,1,1,1,1,0,1,0,0,0,0,0,0,0,0,0,0,0,0,0,0,0,0,0,0,4,5,4,5,3,5,5,4,2,4,4,5,4,1,3,3,2,3,4,0,0,0,0,0,0
47.0,1,1,2,1,1,1,1.0,1.0,0,1.0,0.0,1.0,0.0,1,1,1,1,0,1,1,1,1,0,0,1,1,0,0,1,0,0,1,1,0,1,0,0,0,1,0,0,0,0,1,1,0,1,1,1,1,0,0,0,1,1,1,1,0,0,0,0,0,0,0,0,0,0,0,0,0,0,0,0,0,0,0,0,0,0,0,0,1,1,5,4,4,4,2,4,1,1,1,5,5,5,4,3,5,1,3,0,0,1,0,0,0
,0,1,5,1,1,1,1.0,1.0,1,1.0,1.0,0.0,0.0,1,0,0,0,0,0,0,1,0,0,0,0,0,0,0,1,0,1,1,0,0,0,0,0,0,0,0,0,0,0,0,0,0,1,1,1,0,1,1,0,1,1,0,0,0,0,1,1,1,0,1,0,0,0,0,0,0,0,0,0,0,0,0,0,0,0,0,0,5,5,4,5,4,3,4,4,2,2,5,3,2,4,3,5,4,2,3,0,0,1,0,1,0
25.0,2,0,5,1,1,1,1.0,0.0,0,0.0,0.0,1.0,1.0,0,0,0,1,0,1,1,0,1,0,1,1,0,0,0,1,1,0,0,1,0,1,0,0,0,1,0,0,1,0,1,0,0,1,1,0,0,0,0,0,0,0,1,0,1,1,1,0,1,1,0,0,1,1,0,0,1,0,0,0,0,0,0,0,0,0,0,0,4,4,5,2,4,4,5,5,1,2,1,4,4,5,5,4,3,5,3,1,1,1,0,1,1
39.0,3,0,5,1,1,0,,0.0,0,1.0,0.0,0.0,0.0,1,1,1,0,0,1,0,0,0,0,0,0,0,0,0,1,1,0,0,0,0,0,0,0,0,0,0,0,0,0,0,0,0,0,0,0,0,0,0,0,1,1,0,0,0,0,0,0,0,0,0,0,0,0,0,0,0,0,0,0,0,0,0,0,0,0,0,0,5,4,4,5,4,5,3,2,1,2,1,3,5,4,5,5,1,2,2,0,0,1,0,0,0
44.0,3,0,5,0,1,1,0.0,0.0,0,0.0,0.0,0.0,0.0,0,0,0,0,0,0,0,0,0,0,0,0,0,0,0,1,0,0,0,0,0,0,0,0,0,0,0,0,0,0,0,0,0,0,0,0,0,0,0,0,1,1,1,1,0,0,1,0,1,1,1,1,0,0,0,0,0,0,0,0,0,0,0,0,0,0,0,0,4,3,4,4,4,4,3,1,1,1,5,4,4,1,4,2,1,4,4,0,0,0,0,0,0
43.0,3,0,5,0,1,1,0.0,0.0,0,0.0,0.0,,0.0,0,0,0,0,0,0,0,0,0,0,0,0,0,0,0,1,0,0,0,0,0,0,0,0,0,0,0,0,0,0,0,0,0,0,0,0,0,0,0,0,0,1,1,1,0,0,1,0,0,1,0,0,0,0,0,0,0,0,0,0,0,0,0,0,0,0,0,0,3,4,4,5,5,4,4,4,5,2,3,4,4,5,3,2,1,4,4,1,0,0,0,0,0
19.0,2,1,5,1,1,1,0.0,0.0,0,0.0,1.0,0.0,0.0,0,0,0,0,0,1,1,1,1,0,1,0,0,0,0,0,1,0,0,1,1,0,0,0,1,0,0,0,1,1,0,0,0,1,0,1,1,1,1,0,1,1,1,1,1,1,1,1,0,1,1,1,0,0,0,0,0,0,0,0,0,0,0,0,0,0,0,0,5,5,3,5,4,2,4,4,2,2,3,4,4,5,2,2,3,2,1,1,0,1,1,0,1
58.0,1,1,5,1,1,1,1.0,1.0,1,1.0,1.0,1.0,0.0,0,0,0,0,0,0,1,0,1,1,0,0,0,0,0,1,0,1,0,0,0,0,0,0,0,0,0,0,0,0,0,0,0,1,1,0,1,1,1,0,1,1,1,1,0,0,0,0,0,0,0,0,0,0,0,0,0,0,0,0,0,0,0,0,0,0,0,0,5,5,5,3,5,4,5,3,2,2,5,5,1,3,4,4,3,1,1,1,0,1,1,0,0
79.0,0,1,5,1,1,0,0.0,0.0,0,0.0,0.0,0.0,0.0,0,0,0,0,0,0,0,0,0,0,0,0,0,0,0,1,0,0,0,0,0,0,0,0,0,0,0,0,0,0,0,0,0,0,0,0,0,0,0,0,1,1,0,0,0,0,0,0,0,0,0,0,0,0,0,0,0,0,0,0,0,0,0,0,0,0,0,0,4,4,5,4,3,5,1,2,2,2,5,2,5,2,2,5,2,3,1,1,0,0,0,0,0
36.0,3,0,5,0,1,1,0.0,0.0,0,0.0,0.0,0.0,0.0,0,0,0,0,0,0,0,0,0,0,0,0,0,0,0,0,0,0,0,0,0,0,0,0,0,0,0,0,0,0,0,0,0,0,0,0,0,0,0,0,1,0,1,1,1,1,1,1,1,0,0,1,0,0,0,0,0,0,0,0,0,0,0,0,0,0,0,0,5,5,4,4,4,4,3,4,4,1,5,5,4,4,4,3,4,1,2,0,0,0,0,0,0
35.0,3,0,3,1,1,1,1.0,1.0,1,1.0,0.0,1.0,,1,1,1,1,0,1,1,1,0,1,0,1,0,0,0,1,0,1,1,1,0,1,0,0,0,1,0,0,1,0,0,1,1,1,1,1,1,0,0,0,1,1,0,1,1,1,1,0,0,1,0,0,0,0,0,0,0,0,0,0,0,0,0,0,0,0,0,0,4,4,5,1,5,4,5,5,2,2,2,4,4,4,5,1,2,5,4,1,0,1,1,0,0
64.0,0,1,5,1,1,1,1.0,0.0,1,1.0,1.0,0.0,0.0,1,0,0,0,0,1,1,1,0,0,0,0,0,0,0,1,0,1,0,1,0,1,0,0,0,0,1,0,0,1,1,1,1,1,1,1,0,0,0,1,1,1,1,0,1,1,1,0,1,0,1,1,0,0,0,0,0,0,0,0,0,0,0,0,0,0,0,0,5,4,5,2,5,4,1,2,1,1,5,5,4,1,2,2,1,5,5,0,0,1,0,0,0
33.0,3,1,5,1,1,1,0.0,1.0,1,1.0,1.0,0.0,0.0,1,1,0,1,0,1,1,1,1,1,0,0,0,0,1,1,0,1,1,0,0,0,0,0,0,0,0,0,0,0,0,0,0,1,1,1,1,0,1,1,1,0,1,1,0,0,0,0,0,0,0,0,0,0,0,0,0,0,0,0,0,0,0,0,0,0,0,0,5,4,5,4,2,5,3,4,1,5,4,3,4,3,4,4,3,2,2,0,0,1,0,0,0
78.0,0,1,1,1,1,1,,1.0,1,,0.0,0.0,0.0,0,0,0,0,1,0,0,1,0,0,0,0,0,0,0,1,0,0,0,0,0,0,0,0,0,0,0,0,0,0,0,0,0,1,1,0,0,1,1,1,1,1,1,1,1,1,1,0,0,1,0,0,0,0,0,0,0,0,0,0,0,0,0,0,0,0,0,0,4,2,4,5,5,4,4,5,2,2,3,4,5,2,1,1,5,5,1,1,1,1,0,0,0
89.0,4,0,5,1,1,0,,0.0,1,0.0,1.0,0.0,0.0,1,0,0,0,1,0,1,0,0,1,0,0,0,0,0,0,1,1,1,0,0,0,0,0,0,0,0,0,0,0,0,0,0,0,0,0,0,0,0,0,0,0,0,0,0,0,0,0,0,0,0,0,0,0,0,0,0,0,0,0,0,0,0,0,0,0,0,0,4,5,4,4,5,4,5,3,2,2,2,4,4,3,1,5,1,3,1,0,0,1,0,0,0
